ContainerName,BlobName,LastModifiedUtc,DownloadPath,Status,Error,RunDateUtc
"a0ab6990-4cf6-40ff-8fc5-aa64bbf7df82-pdf","DrPrintView-00007846-04-Oct-2025-02-19-52.pdf","2025-10-04T14:19:52.0000000Z","C:\Temp\FormCheckFiles\DrPrintView-00007846-04-Oct-2025-02-19-52.pdf","Downloaded","","2026-06-01T20:57:15.7502080Z"
"bcd1e039-9d06-4ab8-842b-23d0fe1f9974-pdf","DrPrintView-00008581-04-Oct-2025-02-19-32.pdf","2025-10-04T14:19:32.0000000Z","C:\Temp\FormCheckFiles\DrPrintView-00008581-04-Oct-2025-02-19-32.pdf","Downloaded","","2026-06-01T20:57:16.3201516Z"
"37cecbfa-1c0a-40d4-862c-b43e04ecd9f6-pdf","DrPrintView-00010540-04-Oct-2025-02-13-31.pdf","2025-10-04T14:13:31.0000000Z","C:\Temp\FormCheckFiles\DrPrintView-00010540-04-Oct-2025-02-13-31.pdf","Downloaded","","2026-06-01T20:57:16.8137575Z"
"609cef82-55de-413b-bc80-7effbfc6343b-pdf","DrPrintView-00011217-27-Feb-2026-05-57-18.pdf","2026-02-27T17:57:18.0000000Z","C:\Temp\FormCheckFiles\DrPrintView-00011217-27-Feb-2026-05-57-18.pdf","Downloaded","","2026-06-01T20:57:17.3505736Z"
"b16e789e-e90e-49bb-af6d-b6819f4d4b5f-pdf","DrPrintView-00011234-12-Nov-2025-05-50-27.pdf","2025-11-12T17:50:27.0000000Z","C:\Temp\FormCheckFiles\DrPrintView-00011234-12-Nov-2025-05-50-27.pdf","Downloaded","","2026-06-01T20:57:17.9046394Z"
"9d8b2c31-5c51-438c-84ee-f93b6073365a-pdf","DrPrintView-00010750-04-Oct-2025-02-13-00.pdf","2025-10-04T14:13:00.0000000Z","C:\Temp\FormCheckFiles\DrPrintView-00010750-04-Oct-2025-02-13-00.pdf","Downloaded","","2026-06-01T20:57:18.4438212Z"
"00c9b370-061a-4a0c-beb0-1db2db8aa237-pdf","DrPrintView-00011251-04-Oct-2025-02-12-54.pdf","2025-10-04T14:12:55.0000000Z","C:\Temp\FormCheckFiles\DrPrintView-00011251-04-Oct-2025-02-12-54.pdf","Downloaded","","2026-06-01T20:57:18.9897025Z"
"f1b27654-fb96-4ab7-844c-6e5c1fb00561-pdf","DrPrintView-00010918-04-Oct-2025-02-12-38.pdf","2025-10-04T14:12:38.0000000Z","C:\Temp\FormCheckFiles\DrPrintView-00010918-04-Oct-2025-02-12-38.pdf","Downloaded","","2026-06-01T20:57:19.5146195Z"
"42370716-04cd-45f3-a792-1d219c5b857c-pdf","DrPrintView-00011043-04-Oct-2025-02-12-23.pdf","2025-10-04T14:12:23.0000000Z","C:\Temp\FormCheckFiles\DrPrintView-00011043-04-Oct-2025-02-12-23.pdf","Downloaded","","2026-06-01T20:57:20.0116454Z"
"640dba83-fa6a-4317-b686-6483dda94f2f-pdf","DrPrintView-00011045-04-Oct-2025-02-09-17.pdf","2025-10-04T14:09:17.0000000Z","C:\Temp\FormCheckFiles\DrPrintView-00011045-04-Oct-2025-02-09-17.pdf","Downloaded","","2026-06-01T20:57:20.4785748Z"
"7707716a-0039-49c7-8034-038fbdba9b62-pdf","DrSnapshot-00013073-04-May-2026-12-31-25.pdf","2026-05-04T12:31:25.0000000Z","C:\Temp\FormCheckFiles\DrSnapshot-00013073-04-May-2026-12-31-25.pdf","Downloaded","","2026-06-01T20:57:20.9958285Z"
"a0142362-6d7b-4de6-a828-f83d1050f8fa-pdf","DrPrintView-00011544-04-Oct-2025-02-09-02.pdf","2025-10-04T14:09:02.0000000Z","C:\Temp\FormCheckFiles\DrPrintView-00011544-04-Oct-2025-02-09-02.pdf","Downloaded","","2026-06-01T20:57:21.5486026Z"
"26108fbe-35a9-4c50-9459-1a7b4505bf3b-pdf","DrPrintView-00011814-06-Oct-2025-07-34-34.pdf","2025-10-06T19:34:34.0000000Z","C:\Temp\FormCheckFiles\DrPrintView-00011814-06-Oct-2025-07-34-34.pdf","Downloaded","","2026-06-01T20:57:22.0449795Z"
"76dce7c2-271c-49d6-b338-4f59324555ee-pdf","DrPrintView-00011315-07-Oct-2025-09-41-55.pdf","2025-10-07T09:41:55.0000000Z","C:\Temp\FormCheckFiles\DrPrintView-00011315-07-Oct-2025-09-41-55.pdf","Downloaded","","2026-06-01T20:57:22.6179309Z"
"221e5423-71f7-4d66-a956-769a4da7290a-pdf","DrPrintView-00011682-24-Oct-2025-04-14-07.pdf","2025-10-24T16:14:07.0000000Z","C:\Temp\FormCheckFiles\DrPrintView-00011682-24-Oct-2025-04-14-07.pdf","Downloaded","","2026-06-01T20:57:23.1241690Z"
"8ab8bd66-17e9-4ace-8219-07d270ce3c6b-pdf","DrPrintView-00011809-07-Nov-2025-02-37-01.pdf","2025-11-07T02:37:01.0000000Z","C:\Temp\FormCheckFiles\DrPrintView-00011809-07-Nov-2025-02-37-01.pdf","Downloaded","","2026-06-01T20:57:23.6125784Z"
"5d4ed7e6-b10f-4dd3-b144-4cf87e7ad348-pdf","DrPrintView-00012723-02-Feb-2026-02-26-12.pdf","2026-02-02T14:26:12.0000000Z","C:\Temp\FormCheckFiles\DrPrintView-00012723-02-Feb-2026-02-26-12.pdf","Downloaded","","2026-06-01T20:57:24.1206103Z"
"a6966226-5ff5-4a8c-a6a3-75b4c5e8bc40-pdf","DrPrintView-00011736-27-Jan-2026-06-54-35.pdf","2026-01-27T18:54:36.0000000Z","C:\Temp\FormCheckFiles\DrPrintView-00011736-27-Jan-2026-06-54-35.pdf","Downloaded","","2026-06-01T20:57:24.8376598Z"
"9914ac50-6606-466a-809c-eb703d2ccd95-pdf","DrPrintView-00011607-04-Oct-2025-02-08-02.pdf","2025-10-04T14:08:02.0000000Z","C:\Temp\FormCheckFiles\DrPrintView-00011607-04-Oct-2025-02-08-02.pdf","Downloaded","","2026-06-01T20:57:25.4546607Z"
"47351e93-b945-4c35-b7a4-b81bd5ad8306-pdf","DrPrintView-00011563-27-Dec-2025-06-34-13.pdf","2025-12-27T18:34:13.0000000Z","C:\Temp\FormCheckFiles\DrPrintView-00011563-27-Dec-2025-06-34-13.pdf","Downloaded","","2026-06-01T20:57:25.9979910Z"
"1501d8c7-dd49-4739-a058-43e2b2445dce-pdf","DrPrintView-00011707-20-Nov-2025-12-16-18.pdf","2025-11-20T00:16:18.0000000Z","C:\Temp\FormCheckFiles\DrPrintView-00011707-20-Nov-2025-12-16-18.pdf","Downloaded","","2026-06-01T20:57:26.5260788Z"
"71af13b7-17d6-43fa-8d0f-2652a2925590-pdf","DrPrintView-00011726-31-Oct-2025-03-57-38.pdf","2025-10-31T15:57:38.0000000Z","C:\Temp\FormCheckFiles\DrPrintView-00011726-31-Oct-2025-03-57-38.pdf","Downloaded","","2026-06-01T20:57:26.9831911Z"
"b20d7586-cc23-4f87-aa16-bb3d419ceaf4-pdf","DrPrintView-00012764-12-Feb-2026-10-56-08.pdf","2026-02-12T22:56:08.0000000Z","C:\Temp\FormCheckFiles\DrPrintView-00012764-12-Feb-2026-10-56-08.pdf","Downloaded","","2026-06-01T20:57:27.4832745Z"
"2d579d32-8687-4461-92ea-a81982aa1554-pdf","DrPrintView-00011910-30-Oct-2025-03-44-07.pdf","2025-10-30T15:44:07.0000000Z","C:\Temp\FormCheckFiles\DrPrintView-00011910-30-Oct-2025-03-44-07.pdf","Downloaded","","2026-06-01T20:57:28.0277454Z"
"b5c7f5f3-556b-4fbe-ac76-12c68de897cd-pdf","DrPrintView-00011728-14-Jan-2026-12-23-49.pdf","2026-01-14T12:23:49.0000000Z","C:\Temp\FormCheckFiles\DrPrintView-00011728-14-Jan-2026-12-23-49.pdf","Downloaded","","2026-06-01T20:57:28.5702727Z"
"b58d0eb2-2c04-475d-ae7f-c9a622493e5d-pdf","DrPrintView-00012467-02-Jan-2026-10-18-46.pdf","2026-01-02T10:18:46.0000000Z","C:\Temp\FormCheckFiles\DrPrintView-00012467-02-Jan-2026-10-18-46.pdf","Downloaded","","2026-06-01T20:57:29.0921742Z"
"a1951dbc-2ace-4a68-a5de-e9e8d9f18199-pdf","DrPrintView-00012464-26-Dec-2025-12-13-17.pdf","2025-12-26T12:13:17.0000000Z","C:\Temp\FormCheckFiles\DrPrintView-00012464-26-Dec-2025-12-13-17.pdf","Downloaded","","2026-06-01T20:57:29.5736732Z"
"bee8b5f5-7768-4055-982c-e674cc18a949-pdf","DrPrintView-00011939-10-Nov-2025-06-36-22.pdf","2025-11-10T18:36:22.0000000Z","C:\Temp\FormCheckFiles\DrPrintView-00011939-10-Nov-2025-06-36-22.pdf","Downloaded","","2026-06-01T20:57:30.0825135Z"
"a2da0c8e-9c2d-4b00-bd2e-7bcd0a9cef34-pdf","DrPrintView-00011774-04-Oct-2025-02-07-44.pdf","2025-10-04T14:07:44.0000000Z","C:\Temp\FormCheckFiles\DrPrintView-00011774-04-Oct-2025-02-07-44.pdf","Downloaded","","2026-06-01T20:57:30.5618382Z"
"54d5d25f-d20e-41e9-b5dc-2bbfb0e3360b-pdf","DrPrintView-00011918-03-Nov-2025-11-37-48.pdf","2025-11-03T11:37:48.0000000Z","C:\Temp\FormCheckFiles\DrPrintView-00011918-03-Nov-2025-11-37-48.pdf","Downloaded","","2026-06-01T20:57:31.0956682Z"
"357b51e7-a4c4-48ca-aad8-7e3c35e38fd6-pdf","DrPrintView-00012737-06-Feb-2026-05-35-17.pdf","2026-02-06T05:35:17.0000000Z","C:\Temp\FormCheckFiles\DrPrintView-00012737-06-Feb-2026-05-35-17.pdf","Downloaded","","2026-06-01T20:57:31.6458186Z"
"e4a5805a-939e-4712-a53a-239b5956d5d2-pdf","DrPrintView-00011773-15-Oct-2025-01-19-18.pdf","2025-10-15T01:19:18.0000000Z","C:\Temp\FormCheckFiles\DrPrintView-00011773-15-Oct-2025-01-19-18.pdf","Downloaded","","2026-06-01T20:57:32.1743762Z"
"dca2e603-9c5a-420b-9cfb-7ea0464b0bbe-pdf","DrPrintView-00011772-05-Nov-2025-08-41-44.pdf","2025-11-05T08:41:45.0000000Z","C:\Temp\FormCheckFiles\DrPrintView-00011772-05-Nov-2025-08-41-44.pdf","Downloaded","","2026-06-01T20:57:32.7937908Z"
"cf580866-174e-4646-b029-528d747b17ea-pdf","DrPrintView-00011750-04-Oct-2025-02-07-44.pdf","2025-10-04T14:07:44.0000000Z","C:\Temp\FormCheckFiles\DrPrintView-00011750-04-Oct-2025-02-07-44.pdf","Downloaded","","2026-06-01T20:57:33.3093866Z"
"8c170eca-8208-44a3-aa9f-f63ab4e6167f-pdf","DrPrintView-00011775-04-Oct-2025-02-07-42.pdf","2025-10-04T14:07:42.0000000Z","C:\Temp\FormCheckFiles\DrPrintView-00011775-04-Oct-2025-02-07-42.pdf","Downloaded","","2026-06-01T20:57:33.9398412Z"
"93d4d6b8-d132-420c-8c54-f40deec7e4c8-pdf","DrPrintView-00011847-07-Oct-2025-07-40-11.pdf","2025-10-07T19:40:11.0000000Z","C:\Temp\FormCheckFiles\DrPrintView-00011847-07-Oct-2025-07-40-11.pdf","Downloaded","","2026-06-01T20:57:34.4636665Z"
"7b5a1818-c4a8-425e-a0f7-f0f137102c2e-pdf","DrPrintView-00011791-21-Nov-2025-02-31-41.pdf","2025-11-21T14:31:42.0000000Z","C:\Temp\FormCheckFiles\DrPrintView-00011791-21-Nov-2025-02-31-41.pdf","Downloaded","","2026-06-01T20:57:35.0593049Z"
"fa04b0cb-4403-4713-99e0-2ba74a9e5868-pdf","DrPrintView-00011890-26-Oct-2025-06-45-47.pdf","2025-10-26T18:45:47.0000000Z","C:\Temp\FormCheckFiles\DrPrintView-00011890-26-Oct-2025-06-45-47.pdf","Downloaded","","2026-06-01T20:57:35.5990595Z"
"f641003d-c1dc-4d65-a292-727cacaaddb9-pdf","DrPrintView-00011857-13-Oct-2025-03-50-09.pdf","2025-10-13T15:50:09.0000000Z","C:\Temp\FormCheckFiles\DrPrintView-00011857-13-Oct-2025-03-50-09.pdf","Downloaded","","2026-06-01T20:57:36.1694483Z"
"2b6df32c-9505-4168-a2dd-9c6b0f624485-pdf","DrPrintView-00011858-14-Oct-2025-02-41-56.pdf","2025-10-14T14:41:57.0000000Z","C:\Temp\FormCheckFiles\DrPrintView-00011858-14-Oct-2025-02-41-56.pdf","Downloaded","","2026-06-01T20:57:36.6834581Z"
"a97f0b55-27d7-4fa4-9d60-0272656fa60b-pdf","DrPrintView-00012442-18-Dec-2025-03-00-38.pdf","2025-12-18T15:00:38.0000000Z","C:\Temp\FormCheckFiles\DrPrintView-00012442-18-Dec-2025-03-00-38.pdf","Downloaded","","2026-06-01T20:57:37.2010415Z"
"158b956f-a868-4773-ad66-edc304054196-pdf","DrPrintView-00012149-16-Dec-2025-01-04-18.pdf","2025-12-16T13:04:18.0000000Z","C:\Temp\FormCheckFiles\DrPrintView-00012149-16-Dec-2025-01-04-18.pdf","Downloaded","","2026-06-01T20:57:37.6798575Z"
"d6d8d8d6-af8f-44cb-8dc0-ffade7530cdb-pdf","DrPrintView-00011946-12-Nov-2025-11-53-45.pdf","2025-11-12T11:53:45.0000000Z","C:\Temp\FormCheckFiles\DrPrintView-00011946-12-Nov-2025-11-53-45.pdf","Downloaded","","2026-06-01T20:57:38.1829218Z"
"897213a6-32e1-4009-a87b-8db5825861a5-pdf","DrPrintView-00011875-20-Oct-2025-01-38-24.pdf","2025-10-20T01:38:24.0000000Z","C:\Temp\FormCheckFiles\DrPrintView-00011875-20-Oct-2025-01-38-24.pdf","Downloaded","","2026-06-01T20:57:38.7170442Z"
"a60e493b-bbd7-4cc1-8d75-576a63478a56-pdf","DrPrintView-00011888-22-Oct-2025-07-16-36.pdf","2025-10-22T19:16:36.0000000Z","C:\Temp\FormCheckFiles\DrPrintView-00011888-22-Oct-2025-07-16-36.pdf","Downloaded","","2026-06-01T20:57:39.2387380Z"
"55a7bb7b-fc05-48bf-b151-69ca512554e9-pdf","DrPrintView-00011879-21-Oct-2025-02-23-44.pdf","2025-10-21T14:23:44.0000000Z","C:\Temp\FormCheckFiles\DrPrintView-00011879-21-Oct-2025-02-23-44.pdf","Downloaded","","2026-06-01T20:57:39.9289938Z"
"a15493ca-c33a-448a-b94e-5d0b0bed98dc-pdf","DrPrintView-00012001-02-Dec-2025-05-09-33.pdf","2025-12-02T17:09:33.0000000Z","C:\Temp\FormCheckFiles\DrPrintView-00012001-02-Dec-2025-05-09-33.pdf","Downloaded","","2026-06-01T20:57:40.4702094Z"
"3010ba1d-0c85-4a1a-9ba0-cb773ba1f787-pdf","DrPrintView-00011980-27-Nov-2025-12-36-43.pdf","2025-11-27T12:36:43.0000000Z","C:\Temp\FormCheckFiles\DrPrintView-00011980-27-Nov-2025-12-36-43.pdf","Downloaded","","2026-06-01T20:57:40.9733422Z"
"fdac0800-20ed-4004-8e36-eea9ce7e6bf7-pdf","DrSnapshot-00012945-30-Mar-2026-06-38-54.pdf","2026-03-30T06:38:54.0000000Z","C:\Temp\FormCheckFiles\DrSnapshot-00012945-30-Mar-2026-06-38-54.pdf","Downloaded","","2026-06-01T20:57:41.5502822Z"
"301bb697-a34d-42d5-9330-9e2a00a80bca-pdf","DrSnapshot-00012974-09-Apr-2026-07-21-30.pdf","2026-04-09T19:21:30.0000000Z","C:\Temp\FormCheckFiles\DrSnapshot-00012974-09-Apr-2026-07-21-30.pdf","Downloaded","","2026-06-01T20:57:42.0537802Z"
"d70da145-ecb8-47c5-9ec1-f6be9b083f70-pdf","DrPrintView-00012112-09-Dec-2025-11-17-44.pdf","2025-12-09T11:17:44.0000000Z","C:\Temp\FormCheckFiles\DrPrintView-00012112-09-Dec-2025-11-17-44.pdf","Downloaded","","2026-06-01T20:57:42.5662012Z"
"0e63589a-1a74-4c4f-a7ee-1648b4220709-pdf","DrPrintView-00011978-27-Nov-2025-01-51-43.pdf","2025-11-27T01:51:43.0000000Z","C:\Temp\FormCheckFiles\DrPrintView-00011978-27-Nov-2025-01-51-43.pdf","Downloaded","","2026-06-01T20:57:43.1412622Z"
"8598d286-4b2f-4236-9ffc-5471a4bd715d-pdf","DrPrintView-00011934-07-Nov-2025-10-43-52.pdf","2025-11-07T10:43:52.0000000Z","C:\Temp\FormCheckFiles\DrPrintView-00011934-07-Nov-2025-10-43-52.pdf","Downloaded","","2026-06-01T20:57:43.6652973Z"
"337301c0-e3e9-4017-b324-f1f42fa4a1a7-pdf","DrPrintView-00011938-10-Nov-2025-02-44-22.pdf","2025-11-10T02:44:22.0000000Z","C:\Temp\FormCheckFiles\DrPrintView-00011938-10-Nov-2025-02-44-22.pdf","Downloaded","","2026-06-01T20:57:44.2653854Z"
"c495d35b-b440-4056-ae0b-5c1546f8908a-pdf","DrSnapshot-00013038-29-Apr-2026-01-47-36.pdf","2026-04-29T13:47:36.0000000Z","C:\Temp\FormCheckFiles\DrSnapshot-00013038-29-Apr-2026-01-47-36.pdf","Downloaded","","2026-06-01T20:57:44.7491036Z"
"562d2849-c902-47fb-a6ea-2f0fa003a096-pdf","DrPrintView-00011953-15-Nov-2025-09-47-04.pdf","2025-11-15T21:47:04.0000000Z","C:\Temp\FormCheckFiles\DrPrintView-00011953-15-Nov-2025-09-47-04.pdf","Downloaded","","2026-06-01T20:57:45.2663320Z"
"90e4dea2-cdc2-4597-8e87-fd23d854beac-pdf","DrPrintView-00011985-01-Dec-2025-09-33-26.pdf","2025-12-01T09:33:26.0000000Z","C:\Temp\FormCheckFiles\DrPrintView-00011985-01-Dec-2025-09-33-26.pdf","Downloaded","","2026-06-01T20:57:45.7694811Z"
"5af37887-ec06-450a-9740-3b47688d235f-pdf","DrSnapshot-00012992-13-Apr-2026-05-57-51.pdf","2026-04-13T17:57:51.0000000Z","C:\Temp\FormCheckFiles\DrSnapshot-00012992-13-Apr-2026-05-57-51.pdf","Downloaded","","2026-06-01T20:57:46.2794706Z"
"2f10d5cc-0744-4e0f-876a-cf7dcf679d95-pdf","DrPrintView-00011982-29-Nov-2025-12-58-56.pdf","2025-11-29T12:58:56.0000000Z","C:\Temp\FormCheckFiles\DrPrintView-00011982-29-Nov-2025-12-58-56.pdf","Downloaded","","2026-06-01T20:57:46.7829001Z"
"e5b8e67d-5673-4164-9b39-9d320489d022-pdf","DrPrintView-00012003-02-Dec-2025-06-39-29.pdf","2025-12-02T18:39:29.0000000Z","C:\Temp\FormCheckFiles\DrPrintView-00012003-02-Dec-2025-06-39-29.pdf","Downloaded","","2026-06-01T20:57:47.2844533Z"
"a42e17e2-f503-4278-9648-07fd6418b0e0-pdf","DrPrintView-00012011-04-Dec-2025-08-46-20.pdf","2025-12-04T08:46:20.0000000Z","C:\Temp\FormCheckFiles\DrPrintView-00012011-04-Dec-2025-08-46-20.pdf","Downloaded","","2026-06-01T20:57:47.7857861Z"
"b8874cd7-4934-42c0-a4eb-e2f9028eba44-pdf","DrPrintView-00012433-16-Dec-2025-07-09-29.pdf","2025-12-16T19:09:29.0000000Z","C:\Temp\FormCheckFiles\DrPrintView-00012433-16-Dec-2025-07-09-29.pdf","Downloaded","","2026-06-01T20:57:48.2596549Z"
"12e75a19-c368-44a6-81d1-16ceb0775fbb-pdf","DrPrintView-00012109-06-Dec-2025-12-40-31.pdf","2025-12-06T00:40:31.0000000Z","C:\Temp\FormCheckFiles\DrPrintView-00012109-06-Dec-2025-12-40-31.pdf","Downloaded","","2026-06-01T20:57:48.7698273Z"
"626bddbd-32b5-4306-8d66-e5297512553c-pdf","DrPrintView-00012437-17-Dec-2025-08-15-38.pdf","2025-12-17T20:15:38.0000000Z","C:\Temp\FormCheckFiles\DrPrintView-00012437-17-Dec-2025-08-15-38.pdf","Downloaded","","2026-06-01T20:57:49.2674405Z"
"8b947557-6426-4981-aca6-01eb4112c92b-pdf","DrPrintView-00012747-10-Feb-2026-02-41-28.pdf","2026-02-10T14:41:28.0000000Z","C:\Temp\FormCheckFiles\DrPrintView-00012747-10-Feb-2026-02-41-28.pdf","Downloaded","","2026-06-01T20:57:49.7862589Z"
"b4603ab8-605e-40fc-8e9a-7c21141e6031-pdf","DrPrintView-00012748-10-Feb-2026-02-42-21.pdf","2026-02-10T14:42:21.0000000Z","C:\Temp\FormCheckFiles\DrPrintView-00012748-10-Feb-2026-02-42-21.pdf","Downloaded","","2026-06-01T20:57:50.2717826Z"
"19ded904-85bd-4d93-8004-6b76435347fc-pdf","DrPrintView-00012719-30-Jan-2026-05-52-40.pdf","2026-01-30T17:52:40.0000000Z","C:\Temp\FormCheckFiles\DrPrintView-00012719-30-Jan-2026-05-52-40.pdf","Downloaded","","2026-06-01T20:57:50.7973753Z"
"34ea15d4-54ed-4163-ac56-5978e5269651-pdf","DrPrintView-00012465-28-Dec-2025-01-22-59.pdf","2025-12-28T01:22:59.0000000Z","C:\Temp\FormCheckFiles\DrPrintView-00012465-28-Dec-2025-01-22-59.pdf","Downloaded","","2026-06-01T20:57:51.3054544Z"
"7408f4cd-f5f6-4bcc-82d8-4b425ea82def-pdf","DrPrintView-00012466-29-Dec-2025-03-42-09.pdf","2025-12-29T15:42:09.0000000Z","C:\Temp\FormCheckFiles\DrPrintView-00012466-29-Dec-2025-03-42-09.pdf","Downloaded","","2026-06-01T20:57:51.8855366Z"
"452d854a-edae-4616-a8b3-0c2f16e9a306-pdf","DrPrintView-00012468-03-Jan-2026-07-19-32.pdf","2026-01-03T19:19:32.0000000Z","C:\Temp\FormCheckFiles\DrPrintView-00012468-03-Jan-2026-07-19-32.pdf","Downloaded","","2026-06-01T20:57:52.3657664Z"
"bddd6a67-332f-497a-830a-c5df3388804a-pdf","DrSnapshot-00013008-17-Apr-2026-08-56-44.pdf","2026-04-17T20:56:45.0000000Z","C:\Temp\FormCheckFiles\DrSnapshot-00013008-17-Apr-2026-08-56-44.pdf","Downloaded","","2026-06-01T20:57:52.8035126Z"
"68f77f6c-d42e-4ec4-9ebe-e3b6187fa598-pdf","DrPrintView-00012507-07-Jan-2026-03-34-20.pdf","2026-01-07T03:34:20.0000000Z","C:\Temp\FormCheckFiles\DrPrintView-00012507-07-Jan-2026-03-34-20.pdf","Downloaded","","2026-06-01T20:57:53.3364799Z"
"e790f4f4-b499-4f0b-bafe-281f9a0dcafa-pdf","DrSnapshot-00013000-15-Apr-2026-08-14-31.pdf","2026-04-15T20:14:31.0000000Z","C:\Temp\FormCheckFiles\DrSnapshot-00013000-15-Apr-2026-08-14-31.pdf","Downloaded","","2026-06-01T20:57:53.8491515Z"
"5d022cd5-d818-4e5b-8d3e-a22455a4dc52-pdf","DrPrintView-00012653-11-Jan-2026-02-39-35.pdf","2026-01-11T14:39:35.0000000Z","C:\Temp\FormCheckFiles\DrPrintView-00012653-11-Jan-2026-02-39-35.pdf","Downloaded","","2026-06-01T20:57:54.4656394Z"
"caacad7c-a7ae-488f-b773-68e316cf5b38-pdf","DrPrintView-00012692-23-Jan-2026-03-41-11.pdf","2026-01-23T15:41:11.0000000Z","C:\Temp\FormCheckFiles\DrPrintView-00012692-23-Jan-2026-03-41-11.pdf","Downloaded","","2026-06-01T20:57:54.9903656Z"
"8da7dcbf-26a6-4617-baa7-91aedc10cd5a-pdf","DrPrintView-00012667-16-Jan-2026-12-27-01.pdf","2026-01-16T00:27:01.0000000Z","C:\Temp\FormCheckFiles\DrPrintView-00012667-16-Jan-2026-12-27-01.pdf","Downloaded","","2026-06-01T20:57:55.4926748Z"
"184fd93e-94cd-4d24-b30b-c992d7eec1ff-pdf","DrSnapshot-00013242-11-May-2026-08-15-30.pdf","2026-05-11T20:15:30.0000000Z","C:\Temp\FormCheckFiles\DrSnapshot-00013242-11-May-2026-08-15-30.pdf","Downloaded","","2026-06-01T20:57:55.9841921Z"
"b8d037cd-b26f-4448-b1a4-34a49f9c9545-pdf","DrPrintView-00012668-16-Jan-2026-07-55-49.pdf","2026-01-16T07:55:49.0000000Z","C:\Temp\FormCheckFiles\DrPrintView-00012668-16-Jan-2026-07-55-49.pdf","Downloaded","","2026-06-01T20:57:56.4730283Z"
"acd42d69-db31-42d6-80e1-455332f80bbe-pdf","DrPrintView-00012670-18-Jan-2026-05-02-51.pdf","2026-01-18T17:02:51.0000000Z","C:\Temp\FormCheckFiles\DrPrintView-00012670-18-Jan-2026-05-02-51.pdf","Downloaded","","2026-06-01T20:57:56.9510341Z"
"24a8dc3a-19e7-47be-8fca-4e81f2ccbdb4-pdf","DrPrintView-00012671-18-Jan-2026-05-30-23.pdf","2026-01-18T17:30:23.0000000Z","C:\Temp\FormCheckFiles\DrPrintView-00012671-18-Jan-2026-05-30-23.pdf","Downloaded","","2026-06-01T20:57:57.4358655Z"
"c2e770a0-9670-483c-9b0e-bab897ae6149-pdf","DrPrintView-00012672-18-Jan-2026-05-54-26.pdf","2026-01-18T17:54:26.0000000Z","C:\Temp\FormCheckFiles\DrPrintView-00012672-18-Jan-2026-05-54-26.pdf","Downloaded","","2026-06-01T20:57:57.9532428Z"
"76b67875-a0b0-4a20-84a7-bb60072f8927-pdf","DrSnapshot-00013016-21-Apr-2026-03-07-31.pdf","2026-04-21T15:07:32.0000000Z","C:\Temp\FormCheckFiles\DrSnapshot-00013016-21-Apr-2026-03-07-31.pdf","Downloaded","","2026-06-01T20:57:58.4050689Z"
"ac6f956e-b6d3-4501-a115-e5ad2c3f9a69-pdf","DrPrintView-00012720-01-Feb-2026-02-36-54.pdf","2026-02-01T02:36:56.0000000Z","C:\Temp\FormCheckFiles\DrPrintView-00012720-01-Feb-2026-02-36-54.pdf","Downloaded","","2026-06-01T20:57:58.8637926Z"
"508ef7f7-c6e1-4af9-b730-0b07428b2292-pdf","DrPrintView-00012767-14-Feb-2026-07-19-34.pdf","2026-02-14T19:19:34.0000000Z","C:\Temp\FormCheckFiles\DrPrintView-00012767-14-Feb-2026-07-19-34.pdf","Downloaded","","2026-06-01T20:57:59.4555187Z"
"b47ed125-158b-4929-8484-f0c1f1cd69e5-pdf","DrSnapshot-00012805-03-Mar-2026-02-31-07.pdf","2026-03-03T02:31:07.0000000Z","C:\Temp\FormCheckFiles\DrSnapshot-00012805-03-Mar-2026-02-31-07.pdf","Downloaded","","2026-06-01T20:57:59.9924452Z"
"c50abd2a-dbf8-4612-8123-06f7865126f6-pdf","DrPrintView-00012734-05-Feb-2026-02-10-08.pdf","2026-02-05T14:10:08.0000000Z","C:\Temp\FormCheckFiles\DrPrintView-00012734-05-Feb-2026-02-10-08.pdf","Downloaded","","2026-06-01T20:58:00.5116888Z"
"f0530008-15fa-4205-b101-b480998f35e5-pdf","DrPrintView-00012725-02-Feb-2026-08-17-17.pdf","2026-02-02T20:17:17.0000000Z","C:\Temp\FormCheckFiles\DrPrintView-00012725-02-Feb-2026-08-17-17.pdf","Downloaded","","2026-06-01T20:58:01.0323628Z"
"830162cb-58c7-4fef-b56f-a9a05606ed66-pdf","DrPrintView-00012721-01-Feb-2026-02-54-39.pdf","2026-02-01T14:54:39.0000000Z","C:\Temp\FormCheckFiles\DrPrintView-00012721-01-Feb-2026-02-54-39.pdf","Downloaded","","2026-06-01T20:58:01.6137293Z"
"629d0595-4c5e-481a-ad62-0a03be435710-pdf","DrPrintView-00012722-02-Feb-2026-01-24-23.pdf","2026-02-02T13:24:23.0000000Z","C:\Temp\FormCheckFiles\DrPrintView-00012722-02-Feb-2026-01-24-23.pdf","Downloaded","","2026-06-01T20:58:02.1043062Z"
"e6e11123-80dc-438b-99e7-ca9c9a3b48dc-pdf","DrPrintView-00012727-03-Feb-2026-11-20-23.pdf","2026-02-03T23:20:23.0000000Z","C:\Temp\FormCheckFiles\DrPrintView-00012727-03-Feb-2026-11-20-23.pdf","Downloaded","","2026-06-01T20:58:02.6674334Z"
"6efd8587-d782-4d71-a452-4ec27ecede08-pdf","DrPrintView-00012726-03-Feb-2026-02-06-43.pdf","2026-02-03T02:06:43.0000000Z","C:\Temp\FormCheckFiles\DrPrintView-00012726-03-Feb-2026-02-06-43.pdf","Downloaded","","2026-06-01T20:58:03.1801335Z"
"44591d39-cb84-4375-a93e-53da212b78ed-pdf","DrPrintView-00012730-04-Feb-2026-05-20-27.pdf","2026-02-04T17:20:27.0000000Z","C:\Temp\FormCheckFiles\DrPrintView-00012730-04-Feb-2026-05-20-27.pdf","Downloaded","","2026-06-01T20:58:03.6766266Z"
"8b5308f6-01fe-46c2-be00-52f8b696ca57-pdf","DrSnapshot-00012856-18-Mar-2026-05-43-16.pdf","2026-03-18T17:43:16.0000000Z","C:\Temp\FormCheckFiles\DrSnapshot-00012856-18-Mar-2026-05-43-16.pdf","Downloaded","","2026-06-01T20:58:04.1552120Z"
"f2ad4ab2-df5c-4ff4-bacf-3cb743462b4f-pdf","DrSnapshot-00012833-12-Mar-2026-03-17-55.pdf","2026-03-12T15:17:55.0000000Z","C:\Temp\FormCheckFiles\DrSnapshot-00012833-12-Mar-2026-03-17-55.pdf","Downloaded","","2026-06-01T20:58:04.7176237Z"
"76775375-2eb8-4edc-95cc-ffe3593eade0-pdf","DrPrintView-00012728-04-Feb-2026-01-06-41.pdf","2026-02-04T01:06:41.0000000Z","C:\Temp\FormCheckFiles\DrPrintView-00012728-04-Feb-2026-01-06-41.pdf","Downloaded","","2026-06-01T20:58:05.1621447Z"
"9c1a2f9e-e60b-48ae-989e-56036216a22b-pdf","DrPrintView-00012729-04-Feb-2026-08-38-26.pdf","2026-02-04T08:38:26.0000000Z","C:\Temp\FormCheckFiles\DrPrintView-00012729-04-Feb-2026-08-38-26.pdf","Downloaded","","2026-06-01T20:58:05.7758659Z"
"2f2cee9f-c768-4370-b8b5-3c62226777fd-pdf","DrPrintView-00012731-04-Feb-2026-07-42-13.pdf","2026-02-04T19:42:13.0000000Z","C:\Temp\FormCheckFiles\DrPrintView-00012731-04-Feb-2026-07-42-13.pdf","Downloaded","","2026-06-01T20:58:06.2833116Z"
"608b5d81-4898-48c5-a449-99bf302c247f-pdf","DrPrintView-00012733-05-Feb-2026-03-23-54.pdf","2026-02-05T03:23:54.0000000Z","C:\Temp\FormCheckFiles\DrPrintView-00012733-05-Feb-2026-03-23-54.pdf","Downloaded","","2026-06-01T20:58:06.7748936Z"
"f2795ef3-e33a-4057-a8a0-e6c1d7a1023d-pdf","DrPrintView-00012756-11-Feb-2026-06-52-24.pdf","2026-02-11T18:52:24.0000000Z","C:\Temp\FormCheckFiles\DrPrintView-00012756-11-Feb-2026-06-52-24.pdf","Downloaded","","2026-06-01T20:58:07.3414266Z"
"59b9a5d5-1646-43e7-b61d-6c111676ec08-pdf","DrSnapshot-00012973-09-Apr-2026-06-49-11.pdf","2026-04-09T18:49:11.0000000Z","C:\Temp\FormCheckFiles\DrSnapshot-00012973-09-Apr-2026-06-49-11.pdf","Downloaded","","2026-06-01T20:58:07.8264708Z"
"8acfcc4c-9c06-4775-8d05-5ee777b63d69-pdf","DrPrintView-00012749-10-Feb-2026-03-49-05.pdf","2026-02-10T15:49:05.0000000Z","C:\Temp\FormCheckFiles\DrPrintView-00012749-10-Feb-2026-03-49-05.pdf","Downloaded","","2026-06-01T20:58:08.3460422Z"
"051b9581-6e2a-4a0b-ad36-b2d76ad299b1-pdf","DrPrintView-00012740-09-Feb-2026-12-18-44.pdf","2026-02-09T12:18:44.0000000Z","C:\Temp\FormCheckFiles\DrPrintView-00012740-09-Feb-2026-12-18-44.pdf","Downloaded","","2026-06-01T20:58:08.8274614Z"
"83d3f13d-2dca-4363-b95b-12d328caf30a-pdf","DrPrintView-00012750-11-Feb-2026-10-54-39.pdf","2026-02-11T10:54:39.0000000Z","C:\Temp\FormCheckFiles\DrPrintView-00012750-11-Feb-2026-10-54-39.pdf","Downloaded","","2026-06-01T20:58:09.3123245Z"
"1559f572-1cb7-4bc9-9dc2-ff7986250950-pdf","DrPrintView-00012752-11-Feb-2026-01-56-28.pdf","2026-02-11T13:56:28.0000000Z","C:\Temp\FormCheckFiles\DrPrintView-00012752-11-Feb-2026-01-56-28.pdf","Downloaded","","2026-06-01T20:58:09.8034435Z"
"03cb6b09-0028-4073-9e87-16678a4bc361-pdf","DrPrintView-00012751-11-Feb-2026-11-48-20.pdf","2026-02-11T11:48:20.0000000Z","C:\Temp\FormCheckFiles\DrPrintView-00012751-11-Feb-2026-11-48-20.pdf","Downloaded","","2026-06-01T20:58:10.3461451Z"
"fae86efb-9e54-4927-af12-5394cdc59e5d-pdf","DrSnapshot-00012986-12-Apr-2026-10-41-50.pdf","2026-04-12T22:41:50.0000000Z","C:\Temp\FormCheckFiles\DrSnapshot-00012986-12-Apr-2026-10-41-50.pdf","Downloaded","","2026-06-01T20:58:10.8232013Z"
"c386b432-7858-4689-adc8-be02b6fe1bba-pdf","DrPrintView-00012765-13-Feb-2026-07-42-30.pdf","2026-02-13T07:42:30.0000000Z","C:\Temp\FormCheckFiles\DrPrintView-00012765-13-Feb-2026-07-42-30.pdf","Downloaded","","2026-06-01T20:58:11.3147120Z"
"6bf37160-ed74-4424-b181-1a1c174029eb-pdf","DrPrintView-00012772-17-Feb-2026-01-35-02.pdf","2026-02-17T13:35:02.0000000Z","C:\Temp\FormCheckFiles\DrPrintView-00012772-17-Feb-2026-01-35-02.pdf","Downloaded","","2026-06-01T20:58:11.8288230Z"
"cdadaa4e-227a-4d13-90fe-e038e0bfc771-pdf","DrPrintView-00012766-14-Feb-2026-12-29-52.pdf","2026-02-14T00:29:52.0000000Z","C:\Temp\FormCheckFiles\DrPrintView-00012766-14-Feb-2026-12-29-52.pdf","Downloaded","","2026-06-01T20:58:12.3781182Z"
"e7d751d5-7735-48cb-b8d5-f77ab6c1dd3e-pdf","DrPrintView-00012768-16-Feb-2026-08-48-15.pdf","2026-02-16T08:48:15.0000000Z","C:\Temp\FormCheckFiles\DrPrintView-00012768-16-Feb-2026-08-48-15.pdf","Downloaded","","2026-06-01T20:58:12.8876011Z"
"eba72b0f-14c3-4ef6-997e-4e5d0ae03df7-pdf","DrPrintView-00012770-16-Feb-2026-01-57-38.pdf","2026-02-16T13:57:38.0000000Z","C:\Temp\FormCheckFiles\DrPrintView-00012770-16-Feb-2026-01-57-38.pdf","Downloaded","","2026-06-01T20:58:13.3940961Z"
"9828db16-f6c6-4f37-ab46-a7d8fb9266b2-pdf","DrPrintView-00012771-16-Feb-2026-04-57-02.pdf","2026-02-16T16:57:02.0000000Z","C:\Temp\FormCheckFiles\DrPrintView-00012771-16-Feb-2026-04-57-02.pdf","Downloaded","","2026-06-01T20:58:13.8850473Z"
"f1287603-7892-48fd-b695-ee7795d16609-pdf","DrSnapshot-00012809-05-Mar-2026-04-05-07.pdf","2026-03-05T16:05:07.0000000Z","C:\Temp\FormCheckFiles\DrSnapshot-00012809-05-Mar-2026-04-05-07.pdf","Downloaded","","2026-06-01T20:58:14.3115727Z"
"2df0fcca-0ea2-4160-a142-dd08ba98b7e9-pdf","DrPrintView-00012773-17-Feb-2026-07-30-38.pdf","2026-02-17T19:30:38.0000000Z","C:\Temp\FormCheckFiles\DrPrintView-00012773-17-Feb-2026-07-30-38.pdf","Downloaded","","2026-06-01T20:58:14.8213343Z"
"e9edbf3a-2db6-47bb-8fca-0e4c0a0213ee-pdf","DrPrintView-00012776-18-Feb-2026-10-49-43.pdf","2026-02-18T22:49:43.0000000Z","C:\Temp\FormCheckFiles\DrPrintView-00012776-18-Feb-2026-10-49-43.pdf","Downloaded","","2026-06-01T20:58:15.3101622Z"
"ed74eb95-2fc8-45cc-843f-56856a7e1c83-pdf","DrPrintView-00012789-26-Feb-2026-08-59-17.pdf","2026-02-26T08:59:17.0000000Z","C:\Temp\FormCheckFiles\DrPrintView-00012789-26-Feb-2026-08-59-17.pdf","Downloaded","","2026-06-01T20:58:15.8436515Z"
"95ed96f0-e3be-479c-84fb-c623da671e3b-pdf","DrPrintView-00012778-20-Feb-2026-03-03-47.pdf","2026-02-20T03:03:47.0000000Z","C:\Temp\FormCheckFiles\DrPrintView-00012778-20-Feb-2026-03-03-47.pdf","Downloaded","","2026-06-01T20:58:16.3398480Z"
"e299d491-a621-4fa6-8bf1-a5702db8f669-pdf","DrPrintView-00012782-20-Feb-2026-09-16-26.pdf","2026-02-20T21:16:26.0000000Z","C:\Temp\FormCheckFiles\DrPrintView-00012782-20-Feb-2026-09-16-26.pdf","Downloaded","","2026-06-01T20:58:16.8493685Z"
"5768c873-7b95-4197-92e0-ba477a94d786-pdf","DrSnapshot-00012852-17-Mar-2026-04-56-06.pdf","2026-03-17T16:56:06.0000000Z","C:\Temp\FormCheckFiles\DrSnapshot-00012852-17-Mar-2026-04-56-06.pdf","Downloaded","","2026-06-01T20:58:17.3487986Z"
"dee3dcb8-2ed9-4514-b244-17d265b31d30-pdf","DrSnapshot-00013071-03-May-2026-09-32-33.pdf","2026-05-03T09:32:33.0000000Z","C:\Temp\FormCheckFiles\DrSnapshot-00013071-03-May-2026-09-32-33.pdf","Downloaded","","2026-06-01T20:58:17.8221513Z"
"e4d56cea-6482-481b-9928-9a2ae3d14ddf-pdf","DrSnapshot-00013072-03-May-2026-12-14-06.pdf","2026-05-03T12:14:06.0000000Z","C:\Temp\FormCheckFiles\DrSnapshot-00013072-03-May-2026-12-14-06.pdf","Downloaded","","2026-06-01T20:58:18.3294110Z"
"395275f9-6b7d-4d98-b53c-4a236feeed2d-pdf","DrSnapshot-00013067-01-May-2026-12-48-16.pdf","2026-05-01T12:48:16.0000000Z","C:\Temp\FormCheckFiles\DrSnapshot-00013067-01-May-2026-12-48-16.pdf","Downloaded","","2026-06-01T20:58:18.8155168Z"
"c239578e-f927-463a-9f33-80459821125e-pdf","DrPrintView-00012793-27-Feb-2026-11-18-06.pdf","2026-02-27T11:18:06.0000000Z","C:\Temp\FormCheckFiles\DrPrintView-00012793-27-Feb-2026-11-18-06.pdf","Downloaded","","2026-06-01T20:58:19.2590537Z"
"b3f3c406-5d56-41cf-9738-2e42bce78637-pdf","DrPrintView-00012784-24-Feb-2026-07-02-23.pdf","2026-02-24T07:02:24.0000000Z","C:\Temp\FormCheckFiles\DrPrintView-00012784-24-Feb-2026-07-02-23.pdf","Downloaded","","2026-06-01T20:58:19.7399200Z"
"dcccc2c7-14ee-426c-b2f6-a3e41d455551-pdf","DrSnapshot-00012980-10-Apr-2026-01-23-46.pdf","2026-04-10T13:23:46.0000000Z","C:\Temp\FormCheckFiles\DrSnapshot-00012980-10-Apr-2026-01-23-46.pdf","Downloaded","","2026-06-01T20:58:20.3029028Z"
"27ceae4a-ffab-4dc5-a754-b2ead68dfdd3-pdf","DrPrintView-00012787-25-Feb-2026-03-37-45.pdf","2026-02-25T15:37:45.0000000Z","C:\Temp\FormCheckFiles\DrPrintView-00012787-25-Feb-2026-03-37-45.pdf","Downloaded","","2026-06-01T20:58:20.7585085Z"
"e0b205b9-a95a-4f1e-b095-d210ee153a29-pdf","DrPrintView-00012790-26-Feb-2026-09-48-35.pdf","2026-02-26T09:48:35.0000000Z","C:\Temp\FormCheckFiles\DrPrintView-00012790-26-Feb-2026-09-48-35.pdf","Downloaded","","2026-06-01T20:58:21.2004444Z"
"e378d788-acc1-4fda-a997-8a8053f8c233-pdf","DrPrintView-00012792-27-Feb-2026-02-20-23.pdf","2026-02-27T02:20:23.0000000Z","C:\Temp\FormCheckFiles\DrPrintView-00012792-27-Feb-2026-02-20-23.pdf","Downloaded","","2026-06-01T20:58:21.7026620Z"
"35c66f22-826a-402a-8300-f818d1721c8a-pdf","DrPrintView-00012801-28-Feb-2026-10-48-11.pdf","2026-02-28T10:48:11.0000000Z","C:\Temp\FormCheckFiles\DrPrintView-00012801-28-Feb-2026-10-48-11.pdf","Downloaded","","2026-06-01T20:58:22.2160966Z"
"4513ce56-8387-4127-91df-3ead0d314475-pdf","DrPrintView-00012794-27-Feb-2026-11-33-56.pdf","2026-02-27T11:33:57.0000000Z","C:\Temp\FormCheckFiles\DrPrintView-00012794-27-Feb-2026-11-33-56.pdf","Downloaded","","2026-06-01T20:58:22.6870223Z"
"43687056-980a-413a-86d2-82fa10d7a3fd-pdf","DrSnapshot-00012802-28-Feb-2026-04-03-09.pdf","2026-02-28T16:03:09.0000000Z","C:\Temp\FormCheckFiles\DrSnapshot-00012802-28-Feb-2026-04-03-09.pdf","Downloaded","","2026-06-01T20:58:23.1663162Z"
"1576e088-46a9-4292-bea6-77f66e97d9d3-pdf","DrSnapshot-00012803-01-Mar-2026-12-35-58.pdf","2026-03-01T12:35:58.0000000Z","C:\Temp\FormCheckFiles\DrSnapshot-00012803-01-Mar-2026-12-35-58.pdf","Downloaded","","2026-06-01T20:58:23.7022828Z"
"a08b0a1f-956b-46cd-96fc-f3b5ebdf40d1-pdf","DrSnapshot-00012838-12-Mar-2026-11-01-28.pdf","2026-03-12T23:01:28.0000000Z","C:\Temp\FormCheckFiles\DrSnapshot-00012838-12-Mar-2026-11-01-28.pdf","Downloaded","","2026-06-01T20:58:24.4747022Z"
"063f8cb3-1e19-44dc-b965-1c8b88f1cba9-pdf","DrSnapshot-00012807-04-Mar-2026-01-30-12.pdf","2026-03-04T13:30:13.0000000Z","C:\Temp\FormCheckFiles\DrSnapshot-00012807-04-Mar-2026-01-30-12.pdf","Downloaded","","2026-06-01T20:58:24.9955359Z"
"46f1949a-afff-4a57-a620-0726c3af7470-pdf","DrSnapshot-00013026-24-Apr-2026-04-20-23.pdf","2026-04-24T16:20:23.0000000Z","C:\Temp\FormCheckFiles\DrSnapshot-00013026-24-Apr-2026-04-20-23.pdf","Downloaded","","2026-06-01T20:58:25.4273964Z"
"7334b687-13f4-4f13-b345-0793ee2efaa6-pdf","DrSnapshot-00012813-06-Mar-2026-09-09-17.pdf","2026-03-06T09:09:18.0000000Z","C:\Temp\FormCheckFiles\DrSnapshot-00012813-06-Mar-2026-09-09-17.pdf","Downloaded","","2026-06-01T20:58:25.9606092Z"
"28734421-8dc2-4568-b645-df6255c181d1-pdf","DrSnapshot-00012811-05-Mar-2026-06-40-10.pdf","2026-03-05T18:40:10.0000000Z","C:\Temp\FormCheckFiles\DrSnapshot-00012811-05-Mar-2026-06-40-10.pdf","Downloaded","","2026-06-01T20:58:26.4746718Z"
"68df438b-b1ba-4042-966e-96e2ebef9cb4-pdf","DrSnapshot-00012810-05-Mar-2026-06-39-26.pdf","2026-03-05T18:39:26.0000000Z","C:\Temp\FormCheckFiles\DrSnapshot-00012810-05-Mar-2026-06-39-26.pdf","Downloaded","","2026-06-01T20:58:26.9596530Z"
"88d0d674-07ea-4565-bc69-67b5b4b0c28f-pdf","DrSnapshot-00012812-06-Mar-2026-01-27-41.pdf","2026-03-06T01:27:41.0000000Z","C:\Temp\FormCheckFiles\DrSnapshot-00012812-06-Mar-2026-01-27-41.pdf","Downloaded","","2026-06-01T20:58:27.4280710Z"
"ce1be67c-f460-4085-ad09-e07f98a6ceeb-pdf","DrSnapshot-00012817-06-Mar-2026-03-03-56.pdf","2026-03-06T15:03:56.0000000Z","C:\Temp\FormCheckFiles\DrSnapshot-00012817-06-Mar-2026-03-03-56.pdf","Downloaded","","2026-06-01T20:58:27.9527826Z"
"3fca698f-4d8c-4608-aa14-5c088cdd9b85-pdf","DrSnapshot-00012842-13-Mar-2026-07-19-24.pdf","2026-03-13T19:19:24.0000000Z","C:\Temp\FormCheckFiles\DrSnapshot-00012842-13-Mar-2026-07-19-24.pdf","Downloaded","","2026-06-01T20:58:28.4588870Z"
"688fa8d9-9ba7-40aa-a0ea-aefc2c5aae8f-pdf","DrSnapshot-00012819-07-Mar-2026-08-06-29.pdf","2026-03-07T08:06:29.0000000Z","C:\Temp\FormCheckFiles\DrSnapshot-00012819-07-Mar-2026-08-06-29.pdf","Downloaded","","2026-06-01T20:58:28.9075732Z"
"34f633e1-2887-4635-a180-b824c694598f-pdf","DrSnapshot-00012820-07-Mar-2026-10-55-53.pdf","2026-03-07T22:55:53.0000000Z","C:\Temp\FormCheckFiles\DrSnapshot-00012820-07-Mar-2026-10-55-53.pdf","Downloaded","","2026-06-01T20:58:29.3627926Z"
"f03b4a43-cae6-4bb9-9043-65ac91d3b57b-pdf","DrSnapshot-00012822-09-Mar-2026-09-02-05.pdf","2026-03-09T09:02:05.0000000Z","C:\Temp\FormCheckFiles\DrSnapshot-00012822-09-Mar-2026-09-02-05.pdf","Downloaded","","2026-06-01T20:58:29.8565495Z"
"ff85ab19-4caa-4345-8235-cf29f9f93012-pdf","DrSnapshot-00012821-08-Mar-2026-08-07-19.pdf","2026-03-08T20:07:20.0000000Z","C:\Temp\FormCheckFiles\DrSnapshot-00012821-08-Mar-2026-08-07-19.pdf","Downloaded","","2026-06-01T20:58:30.3828939Z"
"62403557-f7f8-42a7-ad74-0a808953a981-pdf","DrSnapshot-00012823-09-Mar-2026-07-31-06.pdf","2026-03-09T19:31:06.0000000Z","C:\Temp\FormCheckFiles\DrSnapshot-00012823-09-Mar-2026-07-31-06.pdf","Downloaded","","2026-06-01T20:58:30.8106968Z"
"f327ac7d-fd7f-4e1d-b1e9-d0fbe18be022-pdf","DrSnapshot-00012828-10-Mar-2026-03-07-32.pdf","2026-03-10T15:07:32.0000000Z","C:\Temp\FormCheckFiles\DrSnapshot-00012828-10-Mar-2026-03-07-32.pdf","Downloaded","","2026-06-01T20:58:31.2403937Z"
"58b2acc3-dff0-473c-b3e6-769f72ea759b-pdf","DrSnapshot-00012829-11-Mar-2026-12-32-44.pdf","2026-03-11T12:32:44.0000000Z","C:\Temp\FormCheckFiles\DrSnapshot-00012829-11-Mar-2026-12-32-44.pdf","Downloaded","","2026-06-01T20:58:31.6656866Z"
"2322e983-4c85-4046-8a2e-473c48e853ba-pdf","DrSnapshot-00012830-11-Mar-2026-02-18-51.pdf","2026-03-11T14:18:51.0000000Z","C:\Temp\FormCheckFiles\DrSnapshot-00012830-11-Mar-2026-02-18-51.pdf","Downloaded","","2026-06-01T20:58:32.1738385Z"
"8f8b1c4a-0559-4893-a610-639d309b1044-pdf","DrSnapshot-00012832-11-Mar-2026-11-38-45.pdf","2026-03-11T23:38:45.0000000Z","C:\Temp\FormCheckFiles\DrSnapshot-00012832-11-Mar-2026-11-38-45.pdf","Downloaded","","2026-06-01T20:58:32.6267581Z"
"ae30e273-408c-4871-9df8-4d45ab883efe-pdf","DrSnapshot-00012831-11-Mar-2026-09-55-45.pdf","2026-03-11T21:55:45.0000000Z","C:\Temp\FormCheckFiles\DrSnapshot-00012831-11-Mar-2026-09-55-45.pdf","Downloaded","","2026-06-01T20:58:33.0516988Z"
"365edd4b-6ed0-4f9c-a1ac-5f407443e5fd-pdf","DrSnapshot-00012843-14-Mar-2026-09-43-35.pdf","2026-03-14T09:43:35.0000000Z","C:\Temp\FormCheckFiles\DrSnapshot-00012843-14-Mar-2026-09-43-35.pdf","Downloaded","","2026-06-01T20:58:33.6106850Z"
"04d1d7e2-41ba-4c9d-9efb-dc83d56a1992-pdf","DrSnapshot-00012853-18-Mar-2026-05-58-52.pdf","2026-03-18T05:58:52.0000000Z","C:\Temp\FormCheckFiles\DrSnapshot-00012853-18-Mar-2026-05-58-52.pdf","Downloaded","","2026-06-01T20:58:34.1391969Z"
"b9f7fec5-93b2-4ce4-960a-fefd45f7d822-pdf","DrSnapshot-00012844-15-Mar-2026-09-28-56.pdf","2026-03-15T09:28:56.0000000Z","C:\Temp\FormCheckFiles\DrSnapshot-00012844-15-Mar-2026-09-28-56.pdf","Downloaded","","2026-06-01T20:58:34.6262387Z"
"74564aed-b69f-45eb-9b43-85d57508bca5-pdf","DrSnapshot-00012846-15-Mar-2026-07-23-43.pdf","2026-03-15T19:23:43.0000000Z","C:\Temp\FormCheckFiles\DrSnapshot-00012846-15-Mar-2026-07-23-43.pdf","Downloaded","","2026-06-01T20:58:35.0428944Z"
"6c4a29d7-f33f-4c09-b5bd-868ff61ce1ae-pdf","DrSnapshot-00012847-15-Mar-2026-11-21-30.pdf","2026-03-15T23:21:30.0000000Z","C:\Temp\FormCheckFiles\DrSnapshot-00012847-15-Mar-2026-11-21-30.pdf","Downloaded","","2026-06-01T20:58:35.4710781Z"
"91b002e7-8ab4-4413-a3b3-99d5c09d2123-pdf","DrSnapshot-00012849-17-Mar-2026-12-18-31.pdf","2026-03-17T12:18:31.0000000Z","C:\Temp\FormCheckFiles\DrSnapshot-00012849-17-Mar-2026-12-18-31.pdf","Downloaded","","2026-06-01T20:58:35.9426991Z"
"b7d5455a-a759-4735-acb1-b5f3c97f0e64-pdf","DrSnapshot-00012850-17-Mar-2026-01-03-28.pdf","2026-03-17T13:03:28.0000000Z","C:\Temp\FormCheckFiles\DrSnapshot-00012850-17-Mar-2026-01-03-28.pdf","Downloaded","","2026-06-01T20:58:36.4326637Z"
"3f3e72ed-5961-4cba-b75e-1e5aac062f27-pdf","DrSnapshot-00012851-17-Mar-2026-03-00-42.pdf","2026-03-17T15:00:43.0000000Z","C:\Temp\FormCheckFiles\DrSnapshot-00012851-17-Mar-2026-03-00-42.pdf","Downloaded","","2026-06-01T20:58:36.8542913Z"
"85984a23-3027-4586-a2d4-d1b4bf6a5445-pdf","DrSnapshot-00012858-19-Mar-2026-11-02-09.pdf","2026-03-19T11:02:09.0000000Z","C:\Temp\FormCheckFiles\DrSnapshot-00012858-19-Mar-2026-11-02-09.pdf","Downloaded","","2026-06-01T20:58:37.3357834Z"
"6bb4f6a3-9d12-412a-8bd5-f7abc5968a45-pdf","DrSnapshot-00012860-20-Mar-2026-08-44-59.pdf","2026-03-20T08:44:59.0000000Z","C:\Temp\FormCheckFiles\DrSnapshot-00012860-20-Mar-2026-08-44-59.pdf","Downloaded","","2026-06-01T20:58:37.8546217Z"
"defd4215-a594-46d3-ab38-2767f79126dd-pdf","DrSnapshot-00012857-19-Mar-2026-10-56-49.pdf","2026-03-19T10:56:49.0000000Z","C:\Temp\FormCheckFiles\DrSnapshot-00012857-19-Mar-2026-10-56-49.pdf","Downloaded","","2026-06-01T20:58:38.2959391Z"
"cd9bd6fb-2a21-4fcf-8aa1-9b54bff57c62-pdf","DrSnapshot-00012859-19-Mar-2026-12-07-43.pdf","2026-03-19T12:07:43.0000000Z","C:\Temp\FormCheckFiles\DrSnapshot-00012859-19-Mar-2026-12-07-43.pdf","Downloaded","","2026-06-01T20:58:38.8222636Z"
"bf976d8e-3712-4f9c-bf8d-839838d2308d-pdf","DrSnapshot-00012875-24-Mar-2026-03-08-30.pdf","2026-03-24T15:08:30.0000000Z","C:\Temp\FormCheckFiles\DrSnapshot-00012875-24-Mar-2026-03-08-30.pdf","Downloaded","","2026-06-01T20:58:39.3046831Z"
"33328bfd-ac69-4d9f-a6c4-fb4ea95ba667-pdf","DrSnapshot-00012861-20-Mar-2026-11-43-07.pdf","2026-03-20T11:43:07.0000000Z","C:\Temp\FormCheckFiles\DrSnapshot-00012861-20-Mar-2026-11-43-07.pdf","Downloaded","","2026-06-01T20:58:39.8437014Z"
"bb06b440-fa13-4fde-b2ef-d08abd29f61a-pdf","DrSnapshot-00012876-24-Mar-2026-04-06-22.pdf","2026-03-24T16:06:22.0000000Z","C:\Temp\FormCheckFiles\DrSnapshot-00012876-24-Mar-2026-04-06-22.pdf","Downloaded","","2026-06-01T20:58:40.2970131Z"
"dedb4028-fc8e-4c7e-82e7-7c871c174dbc-pdf","DrSnapshot-00012862-20-Mar-2026-03-58-09.pdf","2026-03-20T15:58:09.0000000Z","C:\Temp\FormCheckFiles\DrSnapshot-00012862-20-Mar-2026-03-58-09.pdf","Downloaded","","2026-06-01T20:58:40.8131391Z"
"62e52c90-8587-4bc8-8bda-71beeaf63a61-pdf","DrSnapshot-00012946-30-Mar-2026-09-09-09.pdf","2026-03-30T09:09:09.0000000Z","C:\Temp\FormCheckFiles\DrSnapshot-00012946-30-Mar-2026-09-09-09.pdf","Downloaded","","2026-06-01T20:58:41.2345428Z"
"c0866c96-d6ec-47d7-91d9-939f4bddfe8e-pdf","DrSnapshot-00012863-21-Mar-2026-01-54-49.pdf","2026-03-21T13:54:49.0000000Z","C:\Temp\FormCheckFiles\DrSnapshot-00012863-21-Mar-2026-01-54-49.pdf","Downloaded","","2026-06-01T20:58:41.6526551Z"
"ebdef103-e19a-4585-ac93-b9171b5ce3b7-pdf","DrSnapshot-00012867-23-Mar-2026-03-10-25.pdf","2026-03-23T15:10:25.0000000Z","C:\Temp\FormCheckFiles\DrSnapshot-00012867-23-Mar-2026-03-10-25.pdf","Downloaded","","2026-06-01T20:58:42.1371695Z"
"47b153fa-7af9-4ff7-afa2-79a90da47e3c-pdf","DrSnapshot-00012865-22-Mar-2026-05-25-08.pdf","2026-03-22T17:25:09.0000000Z","C:\Temp\FormCheckFiles\DrSnapshot-00012865-22-Mar-2026-05-25-08.pdf","Downloaded","","2026-06-01T20:58:42.5874310Z"
"453b3960-375c-4686-a0ac-d09c7b1c430e-pdf","DrSnapshot-00012943-29-Mar-2026-09-50-31.pdf","2026-03-29T09:50:31.0000000Z","C:\Temp\FormCheckFiles\DrSnapshot-00012943-29-Mar-2026-09-50-31.pdf","Downloaded","","2026-06-01T20:58:43.0330937Z"
"33d38e09-f169-4f96-83f8-462d236e434d-pdf","DrSnapshot-00012866-23-Mar-2026-11-03-54.pdf","2026-03-23T11:03:54.0000000Z","C:\Temp\FormCheckFiles\DrSnapshot-00012866-23-Mar-2026-11-03-54.pdf","Downloaded","","2026-06-01T20:58:43.5035071Z"
"15b2471f-92e5-41e8-8b9f-7f25cbcf1836-pdf","DrSnapshot-00012868-23-Mar-2026-10-13-52.pdf","2026-03-23T22:13:52.0000000Z","C:\Temp\FormCheckFiles\DrSnapshot-00012868-23-Mar-2026-10-13-52.pdf","Downloaded","","2026-06-01T20:58:43.9790403Z"
"2a637139-0533-414e-bdf2-f99887b731db-pdf","DrSnapshot-00012881-26-Mar-2026-11-04-47.pdf","2026-03-26T11:04:47.0000000Z","C:\Temp\FormCheckFiles\DrSnapshot-00012881-26-Mar-2026-11-04-47.pdf","Downloaded","","2026-06-01T20:58:44.4157441Z"
"8602c806-657d-45ec-b0b9-19592bc02724-pdf","DrSnapshot-00012882-26-Mar-2026-06-15-26.pdf","2026-03-26T18:15:26.0000000Z","C:\Temp\FormCheckFiles\DrSnapshot-00012882-26-Mar-2026-06-15-26.pdf","Downloaded","","2026-06-01T20:58:44.8932451Z"
"5151fd0b-6a1c-49e3-a8c3-d2612ef5fc94-pdf","DrSnapshot-00012947-30-Mar-2026-10-05-17.pdf","2026-03-30T10:05:17.0000000Z","C:\Temp\FormCheckFiles\DrSnapshot-00012947-30-Mar-2026-10-05-17.pdf","Downloaded","","2026-06-01T20:58:45.4083590Z"
"8dddb6c5-9d3b-4b6b-86fd-70673f64493a-pdf","DrSnapshot-00012972-09-Apr-2026-09-02-55.pdf","2026-04-09T09:02:55.0000000Z","C:\Temp\FormCheckFiles\DrSnapshot-00012972-09-Apr-2026-09-02-55.pdf","Downloaded","","2026-06-01T20:58:45.8928242Z"
"f2829c4c-5be5-4e7b-8909-4907256f3035-pdf","DrSnapshot-00012878-25-Mar-2026-08-54-15.pdf","2026-03-25T20:54:15.0000000Z","C:\Temp\FormCheckFiles\DrSnapshot-00012878-25-Mar-2026-08-54-15.pdf","Downloaded","","2026-06-01T20:58:46.3940823Z"
"8a6c3bcc-c126-41bf-952d-643777da702c-pdf","DrSnapshot-00012879-26-Mar-2026-02-32-30.pdf","2026-03-26T02:32:30.0000000Z","C:\Temp\FormCheckFiles\DrSnapshot-00012879-26-Mar-2026-02-32-30.pdf","Downloaded","","2026-06-01T20:58:46.9324603Z"
"62db9e60-6ced-441f-b861-6619a669eaac-pdf","DrSnapshot-00013068-01-May-2026-09-03-42.pdf","2026-05-01T21:03:42.0000000Z","C:\Temp\FormCheckFiles\DrSnapshot-00013068-01-May-2026-09-03-42.pdf","Downloaded","","2026-06-01T20:58:47.3742015Z"
"ea76c0b0-3db0-40d9-8f58-023d7d34d908-pdf","DrSnapshot-00012942-28-Mar-2026-12-11-03.pdf","2026-03-28T00:11:03.0000000Z","C:\Temp\FormCheckFiles\DrSnapshot-00012942-28-Mar-2026-12-11-03.pdf","Downloaded","","2026-06-01T20:58:47.8742158Z"
"6c47bece-f1ea-484f-bb2c-17c11001d954-pdf","DrSnapshot-00012944-30-Mar-2026-06-00-01.pdf","2026-03-30T06:00:01.0000000Z","C:\Temp\FormCheckFiles\DrSnapshot-00012944-30-Mar-2026-06-00-01.pdf","Downloaded","","2026-06-01T20:58:48.4058850Z"
"c9cbb273-b289-455e-ab6f-82049b85ffe6-pdf","DrSnapshot-00013013-20-Apr-2026-04-48-45.pdf","2026-04-20T16:48:45.0000000Z","C:\Temp\FormCheckFiles\DrSnapshot-00013013-20-Apr-2026-04-48-45.pdf","Downloaded","","2026-06-01T20:58:48.9370637Z"
"ab81ab2d-fed6-47e5-9dbf-d0fd13291859-pdf","DrSnapshot-00012961-03-Apr-2026-05-15-09.pdf","2026-04-03T17:15:09.0000000Z","C:\Temp\FormCheckFiles\DrSnapshot-00012961-03-Apr-2026-05-15-09.pdf","Downloaded","","2026-06-01T20:58:49.4341817Z"
"2f767857-8ca6-4940-bde3-0d4c2e1276e0-pdf","DrSnapshot-00012971-09-Apr-2026-01-44-51.pdf","2026-04-09T01:44:51.0000000Z","C:\Temp\FormCheckFiles\DrSnapshot-00012971-09-Apr-2026-01-44-51.pdf","Downloaded","","2026-06-01T20:58:49.9341466Z"
"bb5685f2-a0d4-4d24-8293-cfd8471dd476-pdf","DrSnapshot-00013076-04-May-2026-04-06-35.pdf","2026-05-04T16:06:35.0000000Z","C:\Temp\FormCheckFiles\DrSnapshot-00013076-04-May-2026-04-06-35.pdf","Downloaded","","2026-06-01T20:58:50.4365706Z"
"42d670a6-4142-476f-93df-270fb229e2ab-pdf","DrSnapshot-00012954-02-Apr-2026-12-51-13.pdf","2026-04-02T00:51:13.0000000Z","C:\Temp\FormCheckFiles\DrSnapshot-00012954-02-Apr-2026-12-51-13.pdf","Downloaded","","2026-06-01T20:58:50.8717459Z"
"b3abce39-0115-478d-b89d-e10560938edf-pdf","DrSnapshot-00012953-01-Apr-2026-02-17-14.pdf","2026-04-01T14:17:14.0000000Z","C:\Temp\FormCheckFiles\DrSnapshot-00012953-01-Apr-2026-02-17-14.pdf","Downloaded","","2026-06-01T20:58:51.2945194Z"
"53ef5570-4f11-41bd-ad8d-ae4127c27f05-pdf","DrSnapshot-00013014-21-Apr-2026-01-24-58.pdf","2026-04-21T01:24:58.0000000Z","C:\Temp\FormCheckFiles\DrSnapshot-00013014-21-Apr-2026-01-24-58.pdf","Downloaded","","2026-06-01T20:58:51.7534226Z"
"c127df91-b08c-4bd5-9f75-554479eb9395-pdf","DrSnapshot-00012956-02-Apr-2026-08-07-13.pdf","2026-04-02T08:07:13.0000000Z","C:\Temp\FormCheckFiles\DrSnapshot-00012956-02-Apr-2026-08-07-13.pdf","Downloaded","","2026-06-01T20:58:52.2535444Z"
"a467f746-bab6-46be-a747-81278085a9fb-pdf","DrSnapshot-00012957-02-Apr-2026-04-55-36.pdf","2026-04-02T16:55:36.0000000Z","C:\Temp\FormCheckFiles\DrSnapshot-00012957-02-Apr-2026-04-55-36.pdf","Downloaded","","2026-06-01T20:58:52.7356569Z"
"651328d8-2b15-42ca-b4d5-311467eeebb7-pdf","DrSnapshot-00012958-02-Apr-2026-10-52-27.pdf","2026-04-02T22:52:27.0000000Z","C:\Temp\FormCheckFiles\DrSnapshot-00012958-02-Apr-2026-10-52-27.pdf","Downloaded","","2026-06-01T20:58:53.2523521Z"
"b57b86d9-4984-4be9-abd4-6bce73bf6bee-pdf","DrSnapshot-00012959-03-Apr-2026-06-58-43.pdf","2026-04-03T06:58:43.0000000Z","C:\Temp\FormCheckFiles\DrSnapshot-00012959-03-Apr-2026-06-58-43.pdf","Downloaded","","2026-06-01T20:58:53.6785189Z"
"5ebadcbd-138b-4461-9ea0-b3cb6eca62e5-pdf","DrSnapshot-00012964-06-Apr-2026-07-30-34.pdf","2026-04-06T19:30:34.0000000Z","C:\Temp\FormCheckFiles\DrSnapshot-00012964-06-Apr-2026-07-30-34.pdf","Downloaded","","2026-06-01T20:58:54.1647546Z"
"9e226812-d5ac-4130-845c-17ab0df72f3d-pdf","DrSnapshot-00013069-01-May-2026-11-58-48.pdf","2026-05-01T23:58:48.0000000Z","C:\Temp\FormCheckFiles\DrSnapshot-00013069-01-May-2026-11-58-48.pdf","Downloaded","","2026-06-01T20:58:54.6548910Z"
"31aeca6c-452d-4720-931e-6b3b8aaf40a8-pdf","DrSnapshot-00012970-08-Apr-2026-08-32-05.pdf","2026-04-08T20:32:05.0000000Z","C:\Temp\FormCheckFiles\DrSnapshot-00012970-08-Apr-2026-08-32-05.pdf","Downloaded","","2026-06-01T20:58:55.1116161Z"
"f26c8caf-3629-43ad-9532-c77e4b40b1f1-pdf","DrSnapshot-00012968-08-Apr-2026-02-07-51.pdf","2026-04-08T02:07:51.0000000Z","C:\Temp\FormCheckFiles\DrSnapshot-00012968-08-Apr-2026-02-07-51.pdf","Downloaded","","2026-06-01T20:58:55.6028701Z"
"03549531-1760-4573-b868-1d4fc5152650-pdf","DrSnapshot-00013089-06-May-2026-07-56-55.pdf","2026-05-06T07:56:55.0000000Z","C:\Temp\FormCheckFiles\DrSnapshot-00013089-06-May-2026-07-56-55.pdf","Downloaded","","2026-06-01T20:58:56.2062531Z"
"cda2f4f5-0fb9-4e20-8daa-7f4842b6587c-pdf","DrSnapshot-00012969-08-Apr-2026-02-26-00.pdf","2026-04-08T02:26:00.0000000Z","C:\Temp\FormCheckFiles\DrSnapshot-00012969-08-Apr-2026-02-26-00.pdf","Downloaded","","2026-06-01T20:58:56.7016915Z"
"a9d2d4f3-3ca3-4795-8baa-12800bdece85-pdf","DrSnapshot-00013036-27-Apr-2026-01-31-20.pdf","2026-04-27T13:31:20.0000000Z","C:\Temp\FormCheckFiles\DrSnapshot-00013036-27-Apr-2026-01-31-20.pdf","Downloaded","","2026-06-01T20:58:57.2086561Z"
"c889ec6b-1ab0-4cf0-9b94-940cd61f7213-pdf","DrSnapshot-00013343-26-May-2026-10-34-39.pdf","2026-05-26T10:34:39.0000000Z","C:\Temp\FormCheckFiles\DrSnapshot-00013343-26-May-2026-10-34-39.pdf","Downloaded","","2026-06-01T20:58:57.6464079Z"
"39e61090-331d-47b5-9bbb-ad656c138845-pdf","DrSnapshot-00012983-10-Apr-2026-10-24-15.pdf","2026-04-10T22:24:15.0000000Z","C:\Temp\FormCheckFiles\DrSnapshot-00012983-10-Apr-2026-10-24-15.pdf","Downloaded","","2026-06-01T20:58:58.1681663Z"
"c45fb383-c9d0-47b6-9c88-c6f70ee97413-pdf","DrSnapshot-00012976-10-Apr-2026-05-47-57.pdf","2026-04-10T05:47:57.0000000Z","C:\Temp\FormCheckFiles\DrSnapshot-00012976-10-Apr-2026-05-47-57.pdf","Downloaded","","2026-06-01T20:58:58.6595210Z"
"7a34a988-40db-48e7-93c9-85316bec68dd-pdf","DrSnapshot-00012978-10-Apr-2026-09-48-32.pdf","2026-04-10T09:48:32.0000000Z","C:\Temp\FormCheckFiles\DrSnapshot-00012978-10-Apr-2026-09-48-32.pdf","Downloaded","","2026-06-01T20:58:59.0872516Z"
"2d117dae-c00e-4e51-a66b-0390273f34e7-pdf","DrSnapshot-00012977-10-Apr-2026-09-47-20.pdf","2026-04-10T09:47:20.0000000Z","C:\Temp\FormCheckFiles\DrSnapshot-00012977-10-Apr-2026-09-47-20.pdf","Downloaded","","2026-06-01T20:58:59.5381921Z"
"55f2fa6f-cbf1-4357-8a11-d216fbc4e6cc-pdf","DrSnapshot-00012979-10-Apr-2026-09-53-30.pdf","2026-04-10T09:53:30.0000000Z","C:\Temp\FormCheckFiles\DrSnapshot-00012979-10-Apr-2026-09-53-30.pdf","Downloaded","","2026-06-01T20:58:59.9689667Z"
"e4df9b64-a4df-4766-b671-ecaa5d9cb191-pdf","DrSnapshot-00012984-11-Apr-2026-08-27-27.pdf","2026-04-11T08:27:27.0000000Z","C:\Temp\FormCheckFiles\DrSnapshot-00012984-11-Apr-2026-08-27-27.pdf","Downloaded","","2026-06-01T20:59:00.4649718Z"
"4480ac96-0e0e-48d0-92d1-2e9822ed2471-pdf","DrSnapshot-00012988-13-Apr-2026-07-59-24.pdf","2026-04-13T07:59:24.0000000Z","C:\Temp\FormCheckFiles\DrSnapshot-00012988-13-Apr-2026-07-59-24.pdf","Downloaded","","2026-06-01T20:59:00.8815868Z"
"dea908b0-6230-47cd-8387-75e6048e3850-pdf","DrSnapshot-00013294-22-May-2026-08-55-18.pdf","2026-05-22T08:55:18.0000000Z","C:\Temp\FormCheckFiles\DrSnapshot-00013294-22-May-2026-08-55-18.pdf","Downloaded","","2026-06-01T20:59:01.3893489Z"
"92d10eee-8278-42ee-a61e-b0b1c3e92d17-pdf","DrSnapshot-00012996-15-Apr-2026-05-22-44.pdf","2026-04-15T17:22:44.0000000Z","C:\Temp\FormCheckFiles\DrSnapshot-00012996-15-Apr-2026-05-22-44.pdf","Downloaded","","2026-06-01T20:59:01.8906248Z"
"0a94b5be-ef7b-4e52-9b50-9565c8e15f0a-pdf","DrSnapshot-00012993-14-Apr-2026-02-25-01.pdf","2026-04-14T14:25:01.0000000Z","C:\Temp\FormCheckFiles\DrSnapshot-00012993-14-Apr-2026-02-25-01.pdf","Downloaded","","2026-06-01T20:59:02.3172918Z"
"67335cf9-0f00-4123-bf77-7a45724b0297-pdf","DrSnapshot-00012995-15-Apr-2026-04-59-07.pdf","2026-04-15T16:59:07.0000000Z","C:\Temp\FormCheckFiles\DrSnapshot-00012995-15-Apr-2026-04-59-07.pdf","Downloaded","","2026-06-01T20:59:02.7909319Z"
"9bb44ac7-0dee-45f7-9ceb-ba713208d729-pdf","DrSnapshot-00012999-15-Apr-2026-07-34-23.pdf","2026-04-15T19:34:23.0000000Z","C:\Temp\FormCheckFiles\DrSnapshot-00012999-15-Apr-2026-07-34-23.pdf","Downloaded","","2026-06-01T20:59:03.2197407Z"
"c1f7a541-9dbb-4f3a-89c3-61eea992d50e-pdf","DrSnapshot-00013001-16-Apr-2026-09-34-45.pdf","2026-04-16T09:34:45.0000000Z","C:\Temp\FormCheckFiles\DrSnapshot-00013001-16-Apr-2026-09-34-45.pdf","Downloaded","","2026-06-01T20:59:03.6340919Z"
"4d79eff1-42c8-4b60-8f0b-81a159c1e662-pdf","DrSnapshot-00013002-16-Apr-2026-03-23-26.pdf","2026-04-16T15:23:26.0000000Z","C:\Temp\FormCheckFiles\DrSnapshot-00013002-16-Apr-2026-03-23-26.pdf","Downloaded","","2026-06-01T20:59:04.1893652Z"
"89e58f8d-ea76-4871-a9db-373d113d01db-pdf","DrSnapshot-00013380-31-May-2026-01-54-24.pdf","2026-05-31T13:54:24.0000000Z","C:\Temp\FormCheckFiles\DrSnapshot-00013380-31-May-2026-01-54-24.pdf","Downloaded","","2026-06-01T20:59:04.7775012Z"
"9ce43c33-4e1b-4195-b1b6-97aa79ca1f2f-pdf","DrSnapshot-00013004-17-Apr-2026-04-57-56.pdf","2026-04-17T16:57:56.0000000Z","C:\Temp\FormCheckFiles\DrSnapshot-00013004-17-Apr-2026-04-57-56.pdf","Downloaded","","2026-06-01T20:59:05.2898387Z"
"0d76d4c2-7569-4596-92e7-32c124f96348-pdf","DrSnapshot-00013005-17-Apr-2026-05-31-52.pdf","2026-04-17T17:31:52.0000000Z","C:\Temp\FormCheckFiles\DrSnapshot-00013005-17-Apr-2026-05-31-52.pdf","Downloaded","","2026-06-01T20:59:05.7281028Z"
"117d4364-ecb1-4719-9be8-e0404d031671-pdf","DrSnapshot-00013011-18-Apr-2026-08-49-55.pdf","2026-04-18T20:49:55.0000000Z","C:\Temp\FormCheckFiles\DrSnapshot-00013011-18-Apr-2026-08-49-55.pdf","Downloaded","","2026-06-01T20:59:06.1364067Z"
"2ecfddea-9917-4657-9a81-9b544a278efc-pdf","DrSnapshot-00013009-17-Apr-2026-11-30-25.pdf","2026-04-17T23:30:25.0000000Z","C:\Temp\FormCheckFiles\DrSnapshot-00013009-17-Apr-2026-11-30-25.pdf","Downloaded","","2026-06-01T20:59:06.6050174Z"
"66d57f79-f30c-4f34-a510-d52ef0366bf5-pdf","DrSnapshot-00013012-18-Apr-2026-11-05-06.pdf","2026-04-18T23:05:06.0000000Z","C:\Temp\FormCheckFiles\DrSnapshot-00013012-18-Apr-2026-11-05-06.pdf","Downloaded","","2026-06-01T20:59:07.0377988Z"
"0e9c447c-0b91-4835-99c9-b4e9c7b79c12-pdf","DrSnapshot-00013028-26-Apr-2026-03-01-53.pdf","2026-04-26T15:01:53.0000000Z","C:\Temp\FormCheckFiles\DrSnapshot-00013028-26-Apr-2026-03-01-53.pdf","Downloaded","","2026-06-01T20:59:07.4782341Z"
"ffb1fdf9-b740-4172-9e1e-49637a6a6e85-pdf","DrSnapshot-00013015-21-Apr-2026-02-51-20.pdf","2026-04-21T14:51:20.0000000Z","C:\Temp\FormCheckFiles\DrSnapshot-00013015-21-Apr-2026-02-51-20.pdf","Downloaded","","2026-06-01T20:59:08.0042186Z"
"65c0f04e-3232-49e9-9f1f-1c8e046e0578-pdf","DrSnapshot-00013017-21-Apr-2026-08-16-01.pdf","2026-04-21T20:16:01.0000000Z","C:\Temp\FormCheckFiles\DrSnapshot-00013017-21-Apr-2026-08-16-01.pdf","Downloaded","","2026-06-01T20:59:08.4766685Z"
"e9b6f3cd-2fc2-4489-8b65-605b7748f42e-pdf","DrSnapshot-00013020-22-Apr-2026-12-43-30.pdf","2026-04-22T12:43:30.0000000Z","C:\Temp\FormCheckFiles\DrSnapshot-00013020-22-Apr-2026-12-43-30.pdf","Downloaded","","2026-06-01T20:59:09.0366841Z"
"388bdaff-8554-47ea-a3a7-2bf2d8aaee68-pdf","DrSnapshot-00013066-01-May-2026-12-24-50.pdf","2026-05-01T12:24:50.0000000Z","C:\Temp\FormCheckFiles\DrSnapshot-00013066-01-May-2026-12-24-50.pdf","Downloaded","","2026-06-01T20:59:09.5004495Z"
"ebe30dc1-b905-4a05-8d8d-9b43018897d3-pdf","DrSnapshot-00013079-05-May-2026-01-50-04.pdf","2026-05-05T01:50:04.0000000Z","C:\Temp\FormCheckFiles\DrSnapshot-00013079-05-May-2026-01-50-04.pdf","Downloaded","","2026-06-01T20:59:09.9416464Z"
"f384db0e-f481-4188-b536-dfdb5b298f0b-pdf","DrSnapshot-00013018-22-Apr-2026-10-11-10.pdf","2026-04-22T10:11:10.0000000Z","C:\Temp\FormCheckFiles\DrSnapshot-00013018-22-Apr-2026-10-11-10.pdf","Downloaded","","2026-06-01T20:59:10.4442187Z"
"72d39b2a-fecc-4200-8844-13a973c17aae-pdf","DrSnapshot-00013021-22-Apr-2026-11-21-11.pdf","2026-04-22T23:21:11.0000000Z","C:\Temp\FormCheckFiles\DrSnapshot-00013021-22-Apr-2026-11-21-11.pdf","Downloaded","","2026-06-01T20:59:10.9041302Z"
"b7298fe7-52e9-49fd-9380-6587085f28c5-pdf","DrSnapshot-00013022-23-Apr-2026-02-57-37.pdf","2026-04-23T02:57:37.0000000Z","C:\Temp\FormCheckFiles\DrSnapshot-00013022-23-Apr-2026-02-57-37.pdf","Downloaded","","2026-06-01T20:59:11.3716563Z"
"5b5cb721-0b77-4261-ab46-7215bfff9195-pdf","DrSnapshot-00013025-24-Apr-2026-08-18-23.pdf","2026-04-24T08:18:23.0000000Z","C:\Temp\FormCheckFiles\DrSnapshot-00013025-24-Apr-2026-08-18-23.pdf","Downloaded","","2026-06-01T20:59:11.8397038Z"
"42914bec-8173-4156-b226-605748e10f55-pdf","DrSnapshot-00013024-24-Apr-2026-03-26-52.pdf","2026-04-24T03:26:52.0000000Z","C:\Temp\FormCheckFiles\DrSnapshot-00013024-24-Apr-2026-03-26-52.pdf","Downloaded","","2026-06-01T20:59:12.3460021Z"
"12c2bcfd-18d2-489f-8f7e-26533b306f9a-pdf","DrSnapshot-00013264-16-May-2026-07-52-28.pdf","2026-05-16T07:52:28.0000000Z","C:\Temp\FormCheckFiles\DrSnapshot-00013264-16-May-2026-07-52-28.pdf","Downloaded","","2026-06-01T20:59:12.8011104Z"
"b39d7dd1-bec4-4809-a578-80ffbef693eb-pdf","DrSnapshot-00013027-24-Apr-2026-05-22-05.pdf","2026-04-24T17:22:06.0000000Z","C:\Temp\FormCheckFiles\DrSnapshot-00013027-24-Apr-2026-05-22-05.pdf","Downloaded","","2026-06-01T20:59:13.2881562Z"
"560f0771-cacd-4100-9241-51994a9fd815-pdf","DrSnapshot-00013029-26-Apr-2026-06-32-12.pdf","2026-04-26T18:32:12.0000000Z","C:\Temp\FormCheckFiles\DrSnapshot-00013029-26-Apr-2026-06-32-12.pdf","Downloaded","","2026-06-01T20:59:13.7332946Z"
"c6a2b1fc-e39c-4d2c-b9f4-f6e3baeac1ff-pdf","DrSnapshot-00013031-27-Apr-2026-03-41-13.pdf","2026-04-27T03:41:13.0000000Z","C:\Temp\FormCheckFiles\DrSnapshot-00013031-27-Apr-2026-03-41-13.pdf","Downloaded","","2026-06-01T20:59:14.2152622Z"
"360a9783-9aa2-46d4-a459-9c230a614fc9-pdf","DrSnapshot-00013061-30-Apr-2026-06-37-38.pdf","2026-04-30T06:37:38.0000000Z","C:\Temp\FormCheckFiles\DrSnapshot-00013061-30-Apr-2026-06-37-38.pdf","Downloaded","","2026-06-01T20:59:14.7172598Z"
"85520107-c16b-4b4c-b4da-7c2f630c59b5-pdf","DrSnapshot-00013065-01-May-2026-07-12-20.pdf","2026-05-01T07:12:20.0000000Z","C:\Temp\FormCheckFiles\DrSnapshot-00013065-01-May-2026-07-12-20.pdf","Downloaded","","2026-06-01T20:59:15.2757400Z"
"660746c8-e666-4316-a2de-82c37bdb5c51-pdf","DrSnapshot-00013037-29-Apr-2026-11-11-53.pdf","2026-04-29T11:11:53.0000000Z","C:\Temp\FormCheckFiles\DrSnapshot-00013037-29-Apr-2026-11-11-53.pdf","Downloaded","","2026-06-01T20:59:15.7106076Z"
"09739f9b-a5f2-40a8-a5bf-27d60c324b75-pdf","DrSnapshot-00013060-30-Apr-2026-01-02-47.pdf","2026-04-30T01:02:47.0000000Z","C:\Temp\FormCheckFiles\DrSnapshot-00013060-30-Apr-2026-01-02-47.pdf","Downloaded","","2026-06-01T20:59:16.2795986Z"
"a59aec3a-c08d-41c6-b08b-cc12e7a3205c-pdf","DrSnapshot-00013063-30-Apr-2026-07-42-50.pdf","2026-04-30T07:42:50.0000000Z","C:\Temp\FormCheckFiles\DrSnapshot-00013063-30-Apr-2026-07-42-50.pdf","Downloaded","","2026-06-01T20:59:16.7957752Z"
"cb6e46fc-754c-4917-b7a1-fe68737c0743-pdf","DrSnapshot-00013064-01-May-2026-05-44-04.pdf","2026-05-01T05:44:04.0000000Z","C:\Temp\FormCheckFiles\DrSnapshot-00013064-01-May-2026-05-44-04.pdf","Downloaded","","2026-06-01T20:59:17.2844896Z"
"cb4e83a8-d947-4cb3-a09a-1c13dbe3d15b-pdf","DrSnapshot-00013070-02-May-2026-05-19-25.pdf","2026-05-02T17:19:25.0000000Z","C:\Temp\FormCheckFiles\DrSnapshot-00013070-02-May-2026-05-19-25.pdf","Downloaded","","2026-06-01T20:59:17.6913158Z"
"7e6a9c36-b908-47f8-b3f3-1f6e098d9ae6-pdf","DrSnapshot-00013078-04-May-2026-10-20-04.pdf","2026-05-04T22:20:04.0000000Z","C:\Temp\FormCheckFiles\DrSnapshot-00013078-04-May-2026-10-20-04.pdf","Downloaded","","2026-06-01T20:59:18.1279439Z"
"695377c2-ef6d-4794-863b-f27095f20ef5-pdf","DrSnapshot-00013074-04-May-2026-02-46-14.pdf","2026-05-04T14:46:14.0000000Z","C:\Temp\FormCheckFiles\DrSnapshot-00013074-04-May-2026-02-46-14.pdf","Downloaded","","2026-06-01T20:59:18.5659884Z"
"bb8fa819-0cf4-47e1-9689-925db55e278f-pdf","DrSnapshot-00013077-04-May-2026-06-17-36.pdf","2026-05-04T18:17:36.0000000Z","C:\Temp\FormCheckFiles\DrSnapshot-00013077-04-May-2026-06-17-36.pdf","Downloaded","","2026-06-01T20:59:19.0335396Z"
"2ec99ab4-b701-4f04-a65f-49f1fdca5526-pdf","DrSnapshot-00013265-16-May-2026-08-56-56.pdf","2026-05-16T08:56:56.0000000Z","C:\Temp\FormCheckFiles\DrSnapshot-00013265-16-May-2026-08-56-56.pdf","Downloaded","","2026-06-01T20:59:19.4500549Z"
"d595054b-1d2a-4116-b3b2-f034f667b8c0-pdf","DrSnapshot-00013081-05-May-2026-11-04-03.pdf","2026-05-05T11:04:03.0000000Z","C:\Temp\FormCheckFiles\DrSnapshot-00013081-05-May-2026-11-04-03.pdf","Downloaded","","2026-06-01T20:59:19.8821017Z"
"56fbfeb4-532b-4685-93d5-49b5f654273a-pdf","DrSnapshot-00013240-11-May-2026-02-56-39.pdf","2026-05-11T14:56:39.0000000Z","C:\Temp\FormCheckFiles\DrSnapshot-00013240-11-May-2026-02-56-39.pdf","Downloaded","","2026-06-01T20:59:20.3506684Z"
"4329988a-b067-41ee-a412-02f5b2aa0144-pdf","DrSnapshot-00013088-05-May-2026-08-11-06.pdf","2026-05-05T20:11:06.0000000Z","C:\Temp\FormCheckFiles\DrSnapshot-00013088-05-May-2026-08-11-06.pdf","Downloaded","","2026-06-01T20:59:20.7817153Z"
"1d3dfa28-24e8-47c5-9bf5-dcf98f2f2c03-pdf","DrSnapshot-00013095-08-May-2026-06-32-02.pdf","2026-05-08T18:32:02.0000000Z","C:\Temp\FormCheckFiles\DrSnapshot-00013095-08-May-2026-06-32-02.pdf","Downloaded","","2026-06-01T20:59:21.2324548Z"
"7b0f055e-6f82-403b-9fc8-8c0fcc37207c-pdf","DrSnapshot-00013254-14-May-2026-02-42-38.pdf","2026-05-14T14:42:38.0000000Z","C:\Temp\FormCheckFiles\DrSnapshot-00013254-14-May-2026-02-42-38.pdf","Downloaded","","2026-06-01T20:59:21.7279511Z"
"70c0f186-17d7-4155-b7eb-e92f8d0e0007-pdf","DrSnapshot-00013090-07-May-2026-05-57-55.pdf","2026-05-07T17:57:55.0000000Z","C:\Temp\FormCheckFiles\DrSnapshot-00013090-07-May-2026-05-57-55.pdf","Downloaded","","2026-06-01T20:59:22.1422578Z"
"892fde01-7c65-4ac3-a75d-c6c086387669-pdf","DrSnapshot-00013091-07-May-2026-06-13-14.pdf","2026-05-07T18:13:14.0000000Z","C:\Temp\FormCheckFiles\DrSnapshot-00013091-07-May-2026-06-13-14.pdf","Downloaded","","2026-06-01T20:59:22.5857095Z"
"61886ec8-186f-42de-8b75-c6a3f7280c9e-pdf","DrSnapshot-00013092-07-May-2026-11-42-25.pdf","2026-05-07T23:42:25.0000000Z","C:\Temp\FormCheckFiles\DrSnapshot-00013092-07-May-2026-11-42-25.pdf","Downloaded","","2026-06-01T20:59:23.0935623Z"
"be744dc5-e98c-453f-bd74-fd1d8f082774-pdf","DrSnapshot-00013093-08-May-2026-12-06-17.pdf","2026-05-08T00:06:17.0000000Z","C:\Temp\FormCheckFiles\DrSnapshot-00013093-08-May-2026-12-06-17.pdf","Downloaded","","2026-06-01T20:59:23.5474869Z"
"7d2917b5-b1ff-4d78-bc91-9cf99c1712c9-pdf","DrSnapshot-00013375-29-May-2026-09-44-36.pdf","2026-05-29T09:44:36.0000000Z","C:\Temp\FormCheckFiles\DrSnapshot-00013375-29-May-2026-09-44-36.pdf","Downloaded","","2026-06-01T20:59:24.0615655Z"
"2b2b7b95-a081-442f-a160-72c262ca6b91-pdf","DrSnapshot-00013094-08-May-2026-03-08-53.pdf","2026-05-08T15:08:53.0000000Z","C:\Temp\FormCheckFiles\DrSnapshot-00013094-08-May-2026-03-08-53.pdf","Downloaded","","2026-06-01T20:59:24.6708037Z"
"ffb00654-a9ff-4716-8bc1-7447d23cd6e1-pdf","DrSnapshot-00013236-10-May-2026-05-24-59.pdf","2026-05-10T17:24:59.0000000Z","C:\Temp\FormCheckFiles\DrSnapshot-00013236-10-May-2026-05-24-59.pdf","Downloaded","","2026-06-01T20:59:25.1193305Z"
"93abaae8-f2e1-4e3e-8c7b-74cd17b773f1-pdf","DrSnapshot-00013096-08-May-2026-08-29-28.pdf","2026-05-08T20:29:28.0000000Z","C:\Temp\FormCheckFiles\DrSnapshot-00013096-08-May-2026-08-29-28.pdf","Downloaded","","2026-06-01T20:59:25.6129661Z"
"5c54d13c-48da-4db1-97b3-ce3b0b6c328d-pdf","DrSnapshot-00013273-18-May-2026-08-02-23.pdf","2026-05-18T20:02:23.0000000Z","C:\Temp\FormCheckFiles\DrSnapshot-00013273-18-May-2026-08-02-23.pdf","Downloaded","","2026-06-01T20:59:26.1560694Z"
"3eaf6aec-7c45-48af-8ce3-2e71741d6a91-pdf","DrSnapshot-00013233-10-May-2026-05-10-22.pdf","2026-05-10T05:10:22.0000000Z","C:\Temp\FormCheckFiles\DrSnapshot-00013233-10-May-2026-05-10-22.pdf","Downloaded","","2026-06-01T20:59:26.5970383Z"
"03173e49-7e6b-43ac-85a8-12c5fc1cb280-pdf","DrSnapshot-00013235-10-May-2026-01-01-29.pdf","2026-05-10T13:01:29.0000000Z","C:\Temp\FormCheckFiles\DrSnapshot-00013235-10-May-2026-01-01-29.pdf","Downloaded","","2026-06-01T20:59:27.1090023Z"
"9566c63b-eed5-42a7-9c3c-983094d78abe-pdf","DrSnapshot-00013234-10-May-2026-12-54-34.pdf","2026-05-10T12:54:34.0000000Z","C:\Temp\FormCheckFiles\DrSnapshot-00013234-10-May-2026-12-54-34.pdf","Downloaded","","2026-06-01T20:59:27.6077091Z"
"bed93ba8-f01c-4b65-9cbc-cd788ca8e4fd-pdf","DrSnapshot-00013239-11-May-2026-11-49-21.pdf","2026-05-11T11:49:21.0000000Z","C:\Temp\FormCheckFiles\DrSnapshot-00013239-11-May-2026-11-49-21.pdf","Downloaded","","2026-06-01T20:59:28.1118924Z"
"f923956c-8f29-49c7-b4dd-6b7190358f7b-pdf","DrSnapshot-00013237-11-May-2026-09-23-17.pdf","2026-05-11T09:23:17.0000000Z","C:\Temp\FormCheckFiles\DrSnapshot-00013237-11-May-2026-09-23-17.pdf","Downloaded","","2026-06-01T20:59:28.5594223Z"
"d8b3aca3-1e77-43c7-a4ff-306790a18a1d-pdf","DrSnapshot-00013238-11-May-2026-11-10-55.pdf","2026-05-11T11:10:55.0000000Z","C:\Temp\FormCheckFiles\DrSnapshot-00013238-11-May-2026-11-10-55.pdf","Downloaded","","2026-06-01T20:59:28.9952343Z"
"9ae06a34-81f5-427e-97f8-031cb4b5680d-pdf","DrSnapshot-00013241-11-May-2026-03-04-57.pdf","2026-05-11T15:04:57.0000000Z","C:\Temp\FormCheckFiles\DrSnapshot-00013241-11-May-2026-03-04-57.pdf","Downloaded","","2026-06-01T20:59:29.4747438Z"
"285c99c7-0c09-460a-baa2-239b4da1d78c-pdf","DrSnapshot-00013245-12-May-2026-05-45-03.pdf","2026-05-12T17:45:03.0000000Z","C:\Temp\FormCheckFiles\DrSnapshot-00013245-12-May-2026-05-45-03.pdf","Downloaded","","2026-06-01T20:59:29.9814921Z"
"468ed0fc-734e-40e6-b3b3-72237b3a5afe-pdf","DrSnapshot-00013243-12-May-2026-07-59-20.pdf","2026-05-12T07:59:21.0000000Z","C:\Temp\FormCheckFiles\DrSnapshot-00013243-12-May-2026-07-59-20.pdf","Downloaded","","2026-06-01T20:59:30.4299248Z"
"df4a19cd-f8ad-4b34-8921-557ccdc9c3c9-pdf","DrSnapshot-00013288-21-May-2026-07-55-08.pdf","2026-05-21T07:55:08.0000000Z","C:\Temp\FormCheckFiles\DrSnapshot-00013288-21-May-2026-07-55-08.pdf","Downloaded","","2026-06-01T20:59:30.8994486Z"
"8d67da6d-3430-4af3-aaa3-e64731cbca10-pdf","DrSnapshot-00013244-12-May-2026-05-06-55.pdf","2026-05-12T17:06:55.0000000Z","C:\Temp\FormCheckFiles\DrSnapshot-00013244-12-May-2026-05-06-55.pdf","Downloaded","","2026-06-01T20:59:31.3531621Z"
"a6ca2ade-6f86-478b-8bdc-a122f6d1c728-pdf","DrSnapshot-00013287-21-May-2026-07-21-55.pdf","2026-05-21T07:21:55.0000000Z","C:\Temp\FormCheckFiles\DrSnapshot-00013287-21-May-2026-07-21-55.pdf","Downloaded","","2026-06-01T20:59:31.8462709Z"
"8a428916-166e-439d-aa91-ba6d9a298600-pdf","DrSnapshot-00013246-12-May-2026-09-53-31.pdf","2026-05-12T21:53:31.0000000Z","C:\Temp\FormCheckFiles\DrSnapshot-00013246-12-May-2026-09-53-31.pdf","Downloaded","","2026-06-01T20:59:32.4465962Z"
"78d587ae-09b4-451f-bc1f-4183f9a76f3b-pdf","DrSnapshot-00013251-14-May-2026-01-32-17.pdf","2026-05-14T01:32:17.0000000Z","C:\Temp\FormCheckFiles\DrSnapshot-00013251-14-May-2026-01-32-17.pdf","Downloaded","","2026-06-01T20:59:32.9212438Z"
"c0b2425f-776b-4c51-9b31-12703100a6b5-pdf","DrSnapshot-00013252-14-May-2026-04-52-25.pdf","2026-05-14T04:52:25.0000000Z","C:\Temp\FormCheckFiles\DrSnapshot-00013252-14-May-2026-04-52-25.pdf","Downloaded","","2026-06-01T20:59:33.3691101Z"
"0cca3d0b-8ee7-4e7b-927d-15616b16d0a2-pdf","DrSnapshot-00013365-27-May-2026-03-11-24.pdf","2026-05-27T03:11:24.0000000Z","C:\Temp\FormCheckFiles\DrSnapshot-00013365-27-May-2026-03-11-24.pdf","Downloaded","","2026-06-01T20:59:33.8301414Z"
"aac65c3b-1d93-469a-ac7a-2ecffbf52caa-pdf","DrSnapshot-00013247-13-May-2026-09-36-10.pdf","2026-05-13T09:36:10.0000000Z","C:\Temp\FormCheckFiles\DrSnapshot-00013247-13-May-2026-09-36-10.pdf","Downloaded","","2026-06-01T20:59:34.2996593Z"
"9def3edf-b7c3-4013-881a-df5c063979bd-pdf","DrSnapshot-00013248-13-May-2026-11-59-05.pdf","2026-05-13T11:59:05.0000000Z","C:\Temp\FormCheckFiles\DrSnapshot-00013248-13-May-2026-11-59-05.pdf","Downloaded","","2026-06-01T20:59:34.7664119Z"
"98c2ccef-de5a-46a7-83c0-9b6547878c27-pdf","DrSnapshot-00013249-13-May-2026-02-37-51.pdf","2026-05-13T14:37:51.0000000Z","C:\Temp\FormCheckFiles\DrSnapshot-00013249-13-May-2026-02-37-51.pdf","Downloaded","","2026-06-01T20:59:35.2852688Z"
"31cb21c5-1bf9-44eb-ac9a-aab0ebeb21fd-pdf","DrSnapshot-00013253-14-May-2026-10-48-25.pdf","2026-05-14T10:48:25.0000000Z","C:\Temp\FormCheckFiles\DrSnapshot-00013253-14-May-2026-10-48-25.pdf","Downloaded","","2026-06-01T20:59:35.8111802Z"
"277aeb79-cfff-4c91-bdcc-3e21666f45ae-pdf","DrSnapshot-00013255-14-May-2026-04-06-41.pdf","2026-05-14T16:06:43.0000000Z","C:\Temp\FormCheckFiles\DrSnapshot-00013255-14-May-2026-04-06-41.pdf","Downloaded","","2026-06-01T20:59:36.3067856Z"
"c09bd176-57b8-43ae-8afe-18ed7ebda009-pdf","DrSnapshot-00013266-16-May-2026-02-18-13.pdf","2026-05-16T14:18:13.0000000Z","C:\Temp\FormCheckFiles\DrSnapshot-00013266-16-May-2026-02-18-13.pdf","Downloaded","","2026-06-01T20:59:36.7985024Z"
"e99b421c-ae44-4080-a15e-87dbb371dd8a-pdf","DrSnapshot-00013267-16-May-2026-03-40-05.pdf","2026-05-16T15:40:05.0000000Z","C:\Temp\FormCheckFiles\DrSnapshot-00013267-16-May-2026-03-40-05.pdf","Downloaded","","2026-06-01T20:59:37.3757785Z"
"358c4a78-5cf0-4351-ab4c-3ea865041dc4-pdf","DrSnapshot-00013268-16-May-2026-08-57-21.pdf","2026-05-16T20:57:21.0000000Z","C:\Temp\FormCheckFiles\DrSnapshot-00013268-16-May-2026-08-57-21.pdf","Downloaded","","2026-06-01T20:59:37.9011689Z"
"cef00651-95e2-419d-8d72-d0b67f48f5ea-pdf","DrSnapshot-00013269-17-May-2026-07-47-22.pdf","2026-05-17T07:47:22.0000000Z","C:\Temp\FormCheckFiles\DrSnapshot-00013269-17-May-2026-07-47-22.pdf","Downloaded","","2026-06-01T20:59:38.3849705Z"
"af99f637-4764-4dbf-937e-10d233e3966c-pdf","DrSnapshot-00013309-24-May-2026-01-49-23.pdf","2026-05-24T01:49:23.0000000Z","C:\Temp\FormCheckFiles\DrSnapshot-00013309-24-May-2026-01-49-23.pdf","Downloaded","","2026-06-01T20:59:38.8436411Z"
"57ada1c0-a4c4-4fab-815a-9cd5c6880e41-pdf","DrSnapshot-00013270-17-May-2026-03-33-01.pdf","2026-05-17T15:33:01.0000000Z","C:\Temp\FormCheckFiles\DrSnapshot-00013270-17-May-2026-03-33-01.pdf","Downloaded","","2026-06-01T20:59:39.2622370Z"
"5256fb29-3daa-44f1-a5be-4e70cf8cf579-pdf","DrSnapshot-00013315-25-May-2026-10-46-39.pdf","2026-05-25T10:46:39.0000000Z","C:\Temp\FormCheckFiles\DrSnapshot-00013315-25-May-2026-10-46-39.pdf","Downloaded","","2026-06-01T20:59:39.6933841Z"
"e3c34c8e-b99e-45e3-bcfc-39f4467838f4-pdf","DrSnapshot-00013272-17-May-2026-05-06-19.pdf","2026-05-17T17:06:19.0000000Z","C:\Temp\FormCheckFiles\DrSnapshot-00013272-17-May-2026-05-06-19.pdf","Downloaded","","2026-06-01T20:59:40.1213414Z"
"ce0a33c2-5fc2-4fe8-8ff9-30bb1c2a9e54-pdf","DrSnapshot-00013274-19-May-2026-10-40-01.pdf","2026-05-19T10:40:01.0000000Z","C:\Temp\FormCheckFiles\DrSnapshot-00013274-19-May-2026-10-40-01.pdf","Downloaded","","2026-06-01T20:59:40.6068709Z"
"1aeb5565-caee-4e69-8f4a-5c158bb64543-pdf","DrSnapshot-00013275-19-May-2026-12-44-38.pdf","2026-05-19T12:44:38.0000000Z","C:\Temp\FormCheckFiles\DrSnapshot-00013275-19-May-2026-12-44-38.pdf","Downloaded","","2026-06-01T20:59:41.0366066Z"
"53806031-bf6d-4c39-aba4-838c9fc51193-pdf","DrSnapshot-00013276-19-May-2026-03-29-37.pdf","2026-05-19T15:29:37.0000000Z","C:\Temp\FormCheckFiles\DrSnapshot-00013276-19-May-2026-03-29-37.pdf","Downloaded","","2026-06-01T20:59:41.5348379Z"
"5cd3d02d-0d60-4fb6-95f2-a81257b25964-pdf","DrSnapshot-00013369-27-May-2026-05-27-46.pdf","2026-05-27T17:27:46.0000000Z","C:\Temp\FormCheckFiles\DrSnapshot-00013369-27-May-2026-05-27-46.pdf","Downloaded","","2026-06-01T20:59:42.0171440Z"
"1e59b033-8ddf-4fdb-9b36-57da3e36286f-pdf","DrSnapshot-00013277-20-May-2026-05-21-08.pdf","2026-05-20T05:21:08.0000000Z","C:\Temp\FormCheckFiles\DrSnapshot-00013277-20-May-2026-05-21-08.pdf","Downloaded","","2026-06-01T20:59:42.4383882Z"
"cb83eab3-3e4f-4f3b-8560-48ba5f9c59e8-pdf","DrSnapshot-00013278-20-May-2026-09-49-12.pdf","2026-05-20T09:49:12.0000000Z","C:\Temp\FormCheckFiles\DrSnapshot-00013278-20-May-2026-09-49-12.pdf","Downloaded","","2026-06-01T20:59:42.8575059Z"
"e31b3a7e-4d5a-46be-acee-4df62f3979e6-pdf","DrSnapshot-00013279-20-May-2026-10-31-25.pdf","2026-05-20T10:31:25.0000000Z","C:\Temp\FormCheckFiles\DrSnapshot-00013279-20-May-2026-10-31-25.pdf","Downloaded","","2026-06-01T20:59:43.2946781Z"
"2117245d-52d8-4a01-80ad-8e8a3417d3ec-pdf","DrSnapshot-00013280-20-May-2026-02-13-51.pdf","2026-05-20T14:13:51.0000000Z","C:\Temp\FormCheckFiles\DrSnapshot-00013280-20-May-2026-02-13-51.pdf","Downloaded","","2026-06-01T20:59:43.7044398Z"
"7c495e06-9d1a-451c-b8bd-01d0a709257e-pdf","DrSnapshot-00013281-20-May-2026-02-58-29.pdf","2026-05-20T14:58:29.0000000Z","C:\Temp\FormCheckFiles\DrSnapshot-00013281-20-May-2026-02-58-29.pdf","Downloaded","","2026-06-01T20:59:44.2469517Z"
"8eb0c48e-2ef8-439f-9919-9c863b8150b4-pdf","DrSnapshot-00013282-20-May-2026-05-01-13.pdf","2026-05-20T17:01:13.0000000Z","C:\Temp\FormCheckFiles\DrSnapshot-00013282-20-May-2026-05-01-13.pdf","Downloaded","","2026-06-01T20:59:44.6711658Z"
"f9699dcc-95a3-4636-aaad-6de7cb20942b-pdf","DrSnapshot-00013283-20-May-2026-08-25-46.pdf","2026-05-20T20:25:46.0000000Z","C:\Temp\FormCheckFiles\DrSnapshot-00013283-20-May-2026-08-25-46.pdf","Downloaded","","2026-06-01T20:59:45.0816964Z"
"82cbb59c-0e12-48eb-8074-1a7c75cb8613-pdf","DrSnapshot-00013284-20-May-2026-11-52-40.pdf","2026-05-20T23:52:40.0000000Z","C:\Temp\FormCheckFiles\DrSnapshot-00013284-20-May-2026-11-52-40.pdf","Downloaded","","2026-06-01T20:59:45.4869071Z"
"563e28d3-0d02-4476-9166-3f3567179a9c-pdf","DrSnapshot-00013285-21-May-2026-04-21-08.pdf","2026-05-21T04:21:08.0000000Z","C:\Temp\FormCheckFiles\DrSnapshot-00013285-21-May-2026-04-21-08.pdf","Downloaded","","2026-06-01T20:59:45.9103756Z"
"20567c9f-9a61-498b-8607-5e661de3efda-pdf","DrSnapshot-00013286-21-May-2026-04-39-08.pdf","2026-05-21T04:39:08.0000000Z","C:\Temp\FormCheckFiles\DrSnapshot-00013286-21-May-2026-04-39-08.pdf","Downloaded","","2026-06-01T20:59:46.4391053Z"
"c84ea966-e57f-4c46-aee7-083e794a7ba2-pdf","DrSnapshot-00013293-22-May-2026-06-46-55.pdf","2026-05-22T06:46:55.0000000Z","C:\Temp\FormCheckFiles\DrSnapshot-00013293-22-May-2026-06-46-55.pdf","Downloaded","","2026-06-01T20:59:46.9237925Z"
"55d48b1d-30db-42b1-bec8-ffd5825c8c6d-pdf","DrSnapshot-00013289-21-May-2026-09-47-07.pdf","2026-05-21T09:47:07.0000000Z","C:\Temp\FormCheckFiles\DrSnapshot-00013289-21-May-2026-09-47-07.pdf","Downloaded","","2026-06-01T20:59:47.3377561Z"
"6aebf539-c25b-4de6-aff1-413086be0e76-pdf","DrSnapshot-00013297-22-May-2026-12-20-53.pdf","2026-05-22T12:20:53.0000000Z","C:\Temp\FormCheckFiles\DrSnapshot-00013297-22-May-2026-12-20-53.pdf","Downloaded","","2026-06-01T20:59:47.8290054Z"
"ae0c88c3-ffed-40af-94fc-bbc8482aabc7-pdf","DrSnapshot-00013292-21-May-2026-09-17-16.pdf","2026-05-21T21:17:16.0000000Z","C:\Temp\FormCheckFiles\DrSnapshot-00013292-21-May-2026-09-17-16.pdf","Downloaded","","2026-06-01T20:59:48.2739527Z"
"181fe806-f56d-4008-b5a3-751b7e8ea586-pdf","DrSnapshot-00013296-22-May-2026-09-57-46.pdf","2026-05-22T09:57:46.0000000Z","C:\Temp\FormCheckFiles\DrSnapshot-00013296-22-May-2026-09-57-46.pdf","Downloaded","","2026-06-01T20:59:48.6905383Z"
"b4ed12f7-04b3-4768-9bee-0552f09b1237-pdf","DrSnapshot-00013295-22-May-2026-09-34-36.pdf","2026-05-22T09:34:36.0000000Z","C:\Temp\FormCheckFiles\DrSnapshot-00013295-22-May-2026-09-34-36.pdf","Downloaded","","2026-06-01T20:59:49.1378568Z"
"d94cd3c8-0f33-4bb3-94dc-fad40b757159-pdf","DrSnapshot-00013300-22-May-2026-01-40-20.pdf","2026-05-22T13:40:20.0000000Z","C:\Temp\FormCheckFiles\DrSnapshot-00013300-22-May-2026-01-40-20.pdf","Downloaded","","2026-06-01T20:59:49.5682302Z"
"fcaf3db0-ad52-49a4-a1cc-8c16f9ad57df-pdf","DrSnapshot-00013308-23-May-2026-08-22-21.pdf","2026-05-23T20:22:21.0000000Z","C:\Temp\FormCheckFiles\DrSnapshot-00013308-23-May-2026-08-22-21.pdf","Downloaded","","2026-06-01T20:59:50.0088550Z"
"d5784aa0-3322-48a9-a4bb-67279709379c-pdf","DrSnapshot-00013301-22-May-2026-03-52-24.pdf","2026-05-22T15:52:24.0000000Z","C:\Temp\FormCheckFiles\DrSnapshot-00013301-22-May-2026-03-52-24.pdf","Downloaded","","2026-06-01T20:59:50.4411242Z"
"8da5888b-f0e6-4298-b420-b798ba65ee16-pdf","DrSnapshot-00013307-23-May-2026-07-11-16.pdf","2026-05-23T19:11:16.0000000Z","C:\Temp\FormCheckFiles\DrSnapshot-00013307-23-May-2026-07-11-16.pdf","Downloaded","","2026-06-01T20:59:50.9100703Z"
"be1ca3b0-2566-4776-b79b-5fb5401928a0-pdf","DrSnapshot-00013302-23-May-2026-03-01-31.pdf","2026-05-23T03:01:31.0000000Z","C:\Temp\FormCheckFiles\DrSnapshot-00013302-23-May-2026-03-01-31.pdf","Downloaded","","2026-06-01T20:59:51.3430193Z"
"69cbd44d-2c63-4646-9452-89b4c25d432d-pdf","DrSnapshot-00013304-23-May-2026-04-00-01.pdf","2026-05-23T16:00:01.0000000Z","C:\Temp\FormCheckFiles\DrSnapshot-00013304-23-May-2026-04-00-01.pdf","Downloaded","","2026-06-01T20:59:51.8085293Z"
"95930300-6212-455d-ab5c-593bd101bf10-pdf","DrSnapshot-00013305-23-May-2026-04-36-37.pdf","2026-05-23T16:36:37.0000000Z","C:\Temp\FormCheckFiles\DrSnapshot-00013305-23-May-2026-04-36-37.pdf","Downloaded","","2026-06-01T20:59:52.2943170Z"
"471c72de-9831-4e39-91d6-bebf87fc60db-pdf","DrSnapshot-00013306-23-May-2026-05-51-32.pdf","2026-05-23T17:51:32.0000000Z","C:\Temp\FormCheckFiles\DrSnapshot-00013306-23-May-2026-05-51-32.pdf","Downloaded","","2026-06-01T20:59:52.8801835Z"
"87c5dc5c-c8c4-435e-b6d0-bd10190d9e5d-pdf","DrSnapshot-00013311-24-May-2026-10-54-18.pdf","2026-05-24T10:54:18.0000000Z","C:\Temp\FormCheckFiles\DrSnapshot-00013311-24-May-2026-10-54-18.pdf","Downloaded","","2026-06-01T20:59:53.3245821Z"
"c75423ad-737a-4d04-aec6-ed0fa536441e-pdf","DrSnapshot-00013312-24-May-2026-04-18-58.pdf","2026-05-24T16:18:59.0000000Z","C:\Temp\FormCheckFiles\DrSnapshot-00013312-24-May-2026-04-18-58.pdf","Downloaded","","2026-06-01T20:59:53.7564583Z"
"d5a7b8ac-c612-4813-8918-f78ba491b393-pdf","DrSnapshot-00013313-24-May-2026-10-13-17.pdf","2026-05-24T22:13:17.0000000Z","C:\Temp\FormCheckFiles\DrSnapshot-00013313-24-May-2026-10-13-17.pdf","Downloaded","","2026-06-01T20:59:54.2252923Z"
"c79398fa-fd8a-4a41-83e1-1087707c05c9-pdf","DrSnapshot-00013314-25-May-2026-10-42-00.pdf","2026-05-25T10:42:00.0000000Z","C:\Temp\FormCheckFiles\DrSnapshot-00013314-25-May-2026-10-42-00.pdf","Downloaded","","2026-06-01T20:59:54.6686915Z"
"1758ae20-4f8d-4fb7-a27c-e9c9cb5306d2-pdf","DrSnapshot-00013316-25-May-2026-10-48-31.pdf","2026-05-25T10:48:31.0000000Z","C:\Temp\FormCheckFiles\DrSnapshot-00013316-25-May-2026-10-48-31.pdf","Downloaded","","2026-06-01T20:59:55.1287512Z"
"2644471d-099d-4321-9ddf-6a631b8711c3-pdf","DrSnapshot-00013341-26-May-2026-08-27-41.pdf","2026-05-26T08:27:41.0000000Z","C:\Temp\FormCheckFiles\DrSnapshot-00013341-26-May-2026-08-27-41.pdf","Downloaded","","2026-06-01T20:59:55.6234108Z"
"cb80388f-6021-4567-bbe1-50a56b6c0328-pdf","DrSnapshot-00013317-25-May-2026-11-22-22.pdf","2026-05-25T11:22:22.0000000Z","C:\Temp\FormCheckFiles\DrSnapshot-00013317-25-May-2026-11-22-22.pdf","Downloaded","","2026-06-01T20:59:56.1269928Z"
"334fdf76-7f76-4103-86cf-31c33ab1e27f-pdf","DrSnapshot-00013366-27-May-2026-05-31-32.pdf","2026-05-27T05:31:32.0000000Z","C:\Temp\FormCheckFiles\DrSnapshot-00013366-27-May-2026-05-31-32.pdf","Downloaded","","2026-06-01T20:59:56.6225645Z"
"03078062-e664-473e-9026-bfa9812f1168-pdf","DrSnapshot-00013318-25-May-2026-01-48-54.pdf","2026-05-25T13:48:54.0000000Z","C:\Temp\FormCheckFiles\DrSnapshot-00013318-25-May-2026-01-48-54.pdf","Downloaded","","2026-06-01T20:59:57.0619430Z"
"f31994df-be4c-4646-839b-c0b6ad9f0e95-pdf","DrSnapshot-00013319-25-May-2026-01-57-05.pdf","2026-05-25T13:57:05.0000000Z","C:\Temp\FormCheckFiles\DrSnapshot-00013319-25-May-2026-01-57-05.pdf","Downloaded","","2026-06-01T20:59:57.5051939Z"
"e47003f2-55dc-4382-8067-df0f0f3d5181-pdf","DrSnapshot-00013320-25-May-2026-02-09-35.pdf","2026-05-25T14:09:35.0000000Z","C:\Temp\FormCheckFiles\DrSnapshot-00013320-25-May-2026-02-09-35.pdf","Downloaded","","2026-06-01T20:59:57.9759352Z"
"83e91e80-7a7e-4c1b-a314-e050aea31d64-pdf","DrSnapshot-00013321-25-May-2026-03-05-59.pdf","2026-05-25T15:05:59.0000000Z","C:\Temp\FormCheckFiles\DrSnapshot-00013321-25-May-2026-03-05-59.pdf","Downloaded","","2026-06-01T20:59:58.4471929Z"
"2d3ce133-ab79-44ad-86b9-2fa7244bae94-pdf","DrSnapshot-00013322-25-May-2026-04-07-13.pdf","2026-05-25T16:07:13.0000000Z","C:\Temp\FormCheckFiles\DrSnapshot-00013322-25-May-2026-04-07-13.pdf","Downloaded","","2026-06-01T20:59:58.9043927Z"
"bca09cf5-30a7-4517-8b5b-74ba5ff9fa8c-pdf","DrSnapshot-00013324-25-May-2026-06-31-51.pdf","2026-05-25T18:31:51.0000000Z","C:\Temp\FormCheckFiles\DrSnapshot-00013324-25-May-2026-06-31-51.pdf","Downloaded","","2026-06-01T20:59:59.4240874Z"
"fb3f22e8-4c7e-4c8e-b8e4-746a3ee98ceb-pdf","DrSnapshot-00013337-26-May-2026-05-17-59.pdf","2026-05-26T05:17:59.0000000Z","C:\Temp\FormCheckFiles\DrSnapshot-00013337-26-May-2026-05-17-59.pdf","Downloaded","","2026-06-01T20:59:59.8860568Z"
"1cb848cf-3812-4f52-b649-d341ac0cd7d8-pdf","DrSnapshot-00013323-25-May-2026-05-53-10.pdf","2026-05-25T17:53:10.0000000Z","C:\Temp\FormCheckFiles\DrSnapshot-00013323-25-May-2026-05-53-10.pdf","Downloaded","","2026-06-01T21:00:00.3981059Z"
"58017aa4-dfbd-4cf0-b8d7-2e682d2d767b-pdf","DrSnapshot-00013328-25-May-2026-08-24-13.pdf","2026-05-25T20:24:13.0000000Z","C:\Temp\FormCheckFiles\DrSnapshot-00013328-25-May-2026-08-24-13.pdf","Downloaded","","2026-06-01T21:00:00.8475578Z"
"b3cc7e6d-e9c6-42a8-8758-758fa35d8f56-pdf","DrSnapshot-00013325-25-May-2026-07-02-32.pdf","2026-05-25T19:02:32.0000000Z","C:\Temp\FormCheckFiles\DrSnapshot-00013325-25-May-2026-07-02-32.pdf","Downloaded","","2026-06-01T21:00:01.3367374Z"
"6ef9a34d-2ca7-427a-b877-9ad879808d99-pdf","DrSnapshot-00013326-25-May-2026-07-15-37.pdf","2026-05-25T19:15:37.0000000Z","C:\Temp\FormCheckFiles\DrSnapshot-00013326-25-May-2026-07-15-37.pdf","Downloaded","","2026-06-01T21:00:01.8325900Z"
"0f503060-cb00-4d4a-83c0-7927765d7e6f-pdf","DrSnapshot-00013327-25-May-2026-07-31-48.pdf","2026-05-25T19:31:48.0000000Z","C:\Temp\FormCheckFiles\DrSnapshot-00013327-25-May-2026-07-31-48.pdf","Downloaded","","2026-06-01T21:00:02.3231661Z"
"7f387265-ff5f-4456-81ba-8d3986dc319f-pdf","DrSnapshot-00013329-25-May-2026-09-33-37.pdf","2026-05-25T21:33:37.0000000Z","C:\Temp\FormCheckFiles\DrSnapshot-00013329-25-May-2026-09-33-37.pdf","Downloaded","","2026-06-01T21:00:02.8188134Z"
"91f5fcb4-fbb1-44e4-8340-3c01977e8e81-pdf","DrSnapshot-00013330-26-May-2026-12-12-55.pdf","2026-05-26T00:12:55.0000000Z","C:\Temp\FormCheckFiles\DrSnapshot-00013330-26-May-2026-12-12-55.pdf","Downloaded","","2026-06-01T21:00:03.3257326Z"
"7b68aac5-0243-4ead-97a0-ff7c7fb3e8d2-pdf","DrSnapshot-00013331-26-May-2026-01-58-24.pdf","2026-05-26T01:58:24.0000000Z","C:\Temp\FormCheckFiles\DrSnapshot-00013331-26-May-2026-01-58-24.pdf","Downloaded","","2026-06-01T21:00:03.9071939Z"
"3e592f8c-ba7a-4bcb-9c22-19db0bc0fa1f-pdf","DrSnapshot-00013332-26-May-2026-01-58-36.pdf","2026-05-26T01:58:36.0000000Z","C:\Temp\FormCheckFiles\DrSnapshot-00013332-26-May-2026-01-58-36.pdf","Downloaded","","2026-06-01T21:00:04.4121142Z"
"358fee77-d0ab-4ac2-8ba5-0d467a5ded1d-pdf","DrSnapshot-00013338-26-May-2026-05-59-27.pdf","2026-05-26T05:59:27.0000000Z","C:\Temp\FormCheckFiles\DrSnapshot-00013338-26-May-2026-05-59-27.pdf","Downloaded","","2026-06-01T21:00:04.8535496Z"
"e1bd8f13-2969-4651-9ee1-414387445432-pdf","DrSnapshot-00013333-26-May-2026-03-14-05.pdf","2026-05-26T03:14:05.0000000Z","C:\Temp\FormCheckFiles\DrSnapshot-00013333-26-May-2026-03-14-05.pdf","Downloaded","","2026-06-01T21:00:05.2729223Z"
"9faf545e-957b-4ee3-88d3-c89aa229d8b2-pdf","DrSnapshot-00013334-26-May-2026-03-25-32.pdf","2026-05-26T03:25:32.0000000Z","C:\Temp\FormCheckFiles\DrSnapshot-00013334-26-May-2026-03-25-32.pdf","Downloaded","","2026-06-01T21:00:05.7339028Z"
"477ab0ea-206e-4b77-9493-2a6220ba924a-pdf","DrSnapshot-00013335-26-May-2026-03-39-25.pdf","2026-05-26T03:39:25.0000000Z","C:\Temp\FormCheckFiles\DrSnapshot-00013335-26-May-2026-03-39-25.pdf","Downloaded","","2026-06-01T21:00:06.1511157Z"
"c29081d2-00cb-41bf-9596-2848a127e7d0-pdf","DrSnapshot-00013336-26-May-2026-03-47-44.pdf","2026-05-26T03:47:44.0000000Z","C:\Temp\FormCheckFiles\DrSnapshot-00013336-26-May-2026-03-47-44.pdf","Downloaded","","2026-06-01T21:00:06.5861803Z"
"cd5ec6fe-0ab2-4169-98e6-5fa80d7ba2f4-pdf","DrSnapshot-00013339-26-May-2026-07-00-19.pdf","2026-05-26T07:00:19.0000000Z","C:\Temp\FormCheckFiles\DrSnapshot-00013339-26-May-2026-07-00-19.pdf","Downloaded","","2026-06-01T21:00:07.0372739Z"
"c56c9c64-e7dd-4891-8d10-e2ef29a4a5ed-pdf","DrSnapshot-00013340-26-May-2026-08-09-20.pdf","2026-05-26T08:09:20.0000000Z","C:\Temp\FormCheckFiles\DrSnapshot-00013340-26-May-2026-08-09-20.pdf","Downloaded","","2026-06-01T21:00:07.4971776Z"
"dad160a1-806f-4835-8b63-341dfee743fd-pdf","DrSnapshot-00013344-26-May-2026-11-22-57.pdf","2026-05-26T11:22:57.0000000Z","C:\Temp\FormCheckFiles\DrSnapshot-00013344-26-May-2026-11-22-57.pdf","Downloaded","","2026-06-01T21:00:07.9494788Z"
"d9c426e3-2cc6-4f53-9f78-eeb77c9e5c6a-pdf","DrSnapshot-00013342-26-May-2026-10-21-26.pdf","2026-05-26T10:21:26.0000000Z","C:\Temp\FormCheckFiles\DrSnapshot-00013342-26-May-2026-10-21-26.pdf","Downloaded","","2026-06-01T21:00:08.5380678Z"
"c8c44f29-0c2a-4079-a718-bc280988af50-pdf","DrSnapshot-00013346-26-May-2026-12-12-47.pdf","2026-05-26T12:12:47.0000000Z","C:\Temp\FormCheckFiles\DrSnapshot-00013346-26-May-2026-12-12-47.pdf","Downloaded","","2026-06-01T21:00:09.1135989Z"
"b854e30e-3bd6-4d3d-8709-185b757ca5ba-pdf","DrSnapshot-00013345-26-May-2026-12-00-24.pdf","2026-05-26T12:00:24.0000000Z","C:\Temp\FormCheckFiles\DrSnapshot-00013345-26-May-2026-12-00-24.pdf","Downloaded","","2026-06-01T21:00:09.5682411Z"
"0a164df5-cdf0-4f56-94d8-a62a94a23d52-pdf","DrSnapshot-00013347-26-May-2026-12-13-15.pdf","2026-05-26T12:13:15.0000000Z","C:\Temp\FormCheckFiles\DrSnapshot-00013347-26-May-2026-12-13-15.pdf","Downloaded","","2026-06-01T21:00:10.0447782Z"
"d78c351b-b180-44a1-ac30-99f201f2b2ea-pdf","DrSnapshot-00013348-26-May-2026-01-13-47.pdf","2026-05-26T13:13:47.0000000Z","C:\Temp\FormCheckFiles\DrSnapshot-00013348-26-May-2026-01-13-47.pdf","Downloaded","","2026-06-01T21:00:10.5139916Z"
"2e1099e6-a167-4057-9af6-a04358fc23c5-pdf","DrSnapshot-00013349-26-May-2026-01-34-47.pdf","2026-05-26T13:34:47.0000000Z","C:\Temp\FormCheckFiles\DrSnapshot-00013349-26-May-2026-01-34-47.pdf","Downloaded","","2026-06-01T21:00:11.0340329Z"
"5d679fb3-f1e0-46ff-b3ca-befa12533365-pdf","DrSnapshot-00013355-26-May-2026-05-19-26.pdf","2026-05-26T17:19:26.0000000Z","C:\Temp\FormCheckFiles\DrSnapshot-00013355-26-May-2026-05-19-26.pdf","Downloaded","","2026-06-01T21:00:11.4735646Z"
"6e9653d9-1320-441b-873e-b45fd22e0fc3-pdf","DrSnapshot-00013350-26-May-2026-02-54-57.pdf","2026-05-26T14:54:57.0000000Z","C:\Temp\FormCheckFiles\DrSnapshot-00013350-26-May-2026-02-54-57.pdf","Downloaded","","2026-06-01T21:00:12.0344614Z"
"6da15830-d2d6-431e-9ae4-44f7a31ff499-pdf","DrSnapshot-00013352-26-May-2026-03-53-58.pdf","2026-05-26T15:53:58.0000000Z","C:\Temp\FormCheckFiles\DrSnapshot-00013352-26-May-2026-03-53-58.pdf","Downloaded","","2026-06-01T21:00:12.5597346Z"
"a319f490-e5f7-4d19-ac6e-7e23e2f6e1a9-pdf","DrSnapshot-00013351-26-May-2026-03-13-24.pdf","2026-05-26T15:13:24.0000000Z","C:\Temp\FormCheckFiles\DrSnapshot-00013351-26-May-2026-03-13-24.pdf","Downloaded","","2026-06-01T21:00:13.0887997Z"
"c7518f10-6ce9-4068-8f01-dc2088c213c1-pdf","DrSnapshot-00013354-26-May-2026-04-31-33.pdf","2026-05-26T16:31:33.0000000Z","C:\Temp\FormCheckFiles\DrSnapshot-00013354-26-May-2026-04-31-33.pdf","Downloaded","","2026-06-01T21:00:13.5894637Z"
"b640697e-e59c-42cf-b4f8-1dcb400a84a7-pdf","DrSnapshot-00013356-26-May-2026-06-17-04.pdf","2026-05-26T18:17:04.0000000Z","C:\Temp\FormCheckFiles\DrSnapshot-00013356-26-May-2026-06-17-04.pdf","Downloaded","","2026-06-01T21:00:14.0587965Z"
"808999a2-fb47-40e7-9df6-916453cb65b9-pdf","DrSnapshot-00013353-26-May-2026-04-20-10.pdf","2026-05-26T16:20:13.0000000Z","C:\Temp\FormCheckFiles\DrSnapshot-00013353-26-May-2026-04-20-10.pdf","Downloaded","","2026-06-01T21:00:14.5190922Z"
"40db2e4f-2db8-4c3e-9488-97078750b656-pdf","DrSnapshot-00013357-26-May-2026-07-54-26.pdf","2026-05-26T19:54:26.0000000Z","C:\Temp\FormCheckFiles\DrSnapshot-00013357-26-May-2026-07-54-26.pdf","Downloaded","","2026-06-01T21:00:15.0396770Z"
"dbaa72e8-97f5-4937-acba-fd07419c2bf6-pdf","DrSnapshot-00013358-26-May-2026-08-21-53.pdf","2026-05-26T20:21:53.0000000Z","C:\Temp\FormCheckFiles\DrSnapshot-00013358-26-May-2026-08-21-53.pdf","Downloaded","","2026-06-01T21:00:15.5365403Z"
"08b3b4c1-dc05-49cb-89aa-c79f85e893e1-pdf","DrSnapshot-00013359-26-May-2026-09-18-50.pdf","2026-05-26T21:18:50.0000000Z","C:\Temp\FormCheckFiles\DrSnapshot-00013359-26-May-2026-09-18-50.pdf","Downloaded","","2026-06-01T21:00:16.0527037Z"
"d8e3c4a5-777f-416e-a269-345ea2cbb354-pdf","DrSnapshot-00013360-26-May-2026-10-07-52.pdf","2026-05-26T22:07:52.0000000Z","C:\Temp\FormCheckFiles\DrSnapshot-00013360-26-May-2026-10-07-52.pdf","Downloaded","","2026-06-01T21:00:16.5562640Z"
"491a7447-8de6-4ea9-943c-9550f4eaef01-pdf","DrSnapshot-00013361-26-May-2026-10-17-27.pdf","2026-05-26T22:17:27.0000000Z","C:\Temp\FormCheckFiles\DrSnapshot-00013361-26-May-2026-10-17-27.pdf","Downloaded","","2026-06-01T21:00:17.0624420Z"
"874d0830-f988-4424-b1c2-aee96ac5ecab-pdf","DrSnapshot-00013362-26-May-2026-10-59-22.pdf","2026-05-26T22:59:22.0000000Z","C:\Temp\FormCheckFiles\DrSnapshot-00013362-26-May-2026-10-59-22.pdf","Downloaded","","2026-06-01T21:00:17.5534663Z"
"d33b01d1-04fd-4097-9bda-b9621555f04a-pdf","DrSnapshot-00013364-27-May-2026-01-53-15.pdf","2026-05-27T01:53:15.0000000Z","C:\Temp\FormCheckFiles\DrSnapshot-00013364-27-May-2026-01-53-15.pdf","Downloaded","","2026-06-01T21:00:18.0538651Z"
"b704fbfe-63a2-42b6-8813-3c04fae228ef-pdf","DrSnapshot-00013367-27-May-2026-12-17-37.pdf","2026-05-27T12:17:37.0000000Z","C:\Temp\FormCheckFiles\DrSnapshot-00013367-27-May-2026-12-17-37.pdf","Downloaded","","2026-06-01T21:00:18.4670659Z"
"91aff2a9-e792-4ac7-bc6b-c8731f3f12d1-pdf","DrSnapshot-00013368-27-May-2026-03-54-08.pdf","2026-05-27T15:54:08.0000000Z","C:\Temp\FormCheckFiles\DrSnapshot-00013368-27-May-2026-03-54-08.pdf","Downloaded","","2026-06-01T21:00:18.9626796Z"
"48243ba6-0fac-4f53-a4f6-916bf5259b74-pdf","DrSnapshot-00013370-28-May-2026-05-03-47.pdf","2026-05-28T17:03:47.0000000Z","C:\Temp\FormCheckFiles\DrSnapshot-00013370-28-May-2026-05-03-47.pdf","Downloaded","","2026-06-01T21:00:19.4038968Z"
"39f646f0-7f77-4b9b-9ace-8ce42c1820b4-pdf","DrSnapshot-00013374-29-May-2026-12-01-21.pdf","2026-05-29T00:01:21.0000000Z","C:\Temp\FormCheckFiles\DrSnapshot-00013374-29-May-2026-12-01-21.pdf","Downloaded","","2026-06-01T21:00:19.9182351Z"
"a5a1eb67-4600-45f5-ac5b-faed2c5a173d-pdf","DrSnapshot-00013376-30-May-2026-10-52-08.pdf","2026-05-30T10:52:08.0000000Z","C:\Temp\FormCheckFiles\DrSnapshot-00013376-30-May-2026-10-52-08.pdf","Downloaded","","2026-06-01T21:00:20.4201216Z"
"8c9983ca-3bab-4f59-87f6-4269799f1e54-pdf","DrSnapshot-00013377-30-May-2026-04-56-16.pdf","2026-05-30T16:56:16.0000000Z","C:\Temp\FormCheckFiles\DrSnapshot-00013377-30-May-2026-04-56-16.pdf","Downloaded","","2026-06-01T21:00:20.9920757Z"
"dcdfea9f-a152-4d41-9b56-29e02dfb3b74-pdf","DrSnapshot-00013378-30-May-2026-05-29-21.pdf","2026-05-30T17:29:21.0000000Z","C:\Temp\FormCheckFiles\DrSnapshot-00013378-30-May-2026-05-29-21.pdf","Downloaded","","2026-06-01T21:00:21.5343643Z"
"a6d81906-c4c9-4947-8332-414c4c9f9636-pdf","DrSnapshot-00013379-31-May-2026-09-34-58.pdf","2026-05-31T09:34:58.0000000Z","C:\Temp\FormCheckFiles\DrSnapshot-00013379-31-May-2026-09-34-58.pdf","Downloaded","","2026-06-01T21:00:22.1483429Z"
"4dd86887-8b5e-484c-888b-0022072174aa-pdf","DrSnapshot-00013381-01-Jun-2026-07-17-55.pdf","2026-06-01T07:17:55.0000000Z","C:\Temp\FormCheckFiles\DrSnapshot-00013381-01-Jun-2026-07-17-55.pdf","Downloaded","","2026-06-01T21:00:22.6708212Z"
